fecha	coleccion	referencia	estado	motivo	paginas	titulo	contexto
08/06/1856	gazeta	BOE-A-1856-6239	VERIFICADO	frase completa en el texto	2	Intendencia General Militar. Intendencia General de la Real Casa y Patrimonio. Alcaldía Constitucional de Segovia. Venta de Bienes Nacionales.	2 pies: arren­ datario Alafias Coreces, y paga de renta anual 2,500 rs.: se halla tasada en 10,000 rs., y capitalizada en 56,250 rs. que es el tipo por que se saca a subasta. Num. 84 del inventario. = U n molino harinero, sito en Colinas de Trasmonte, procedente de los propios del mismo, el cual no tiene agua en la actualidad por haber­ se marchado aquellas al rio principal: linda todo el con campos del concejo y cano que nacia del rio Tera : arren­ datarios Pedro Coimeros y
28/12/1856	gazeta	BOE-A-1856-14574	VERIFICADO	frase completa en el texto	1	Administración del Correo Central. Ayuntamiento Constitucional de Loriguilla. Alcaldía Constitucional de la Villa de Luchente. Alcaldía Constitucional de Foyos. Alcaldía Constitucional de Titulcia.	ina de M ontes, P ineiro, San Mamed de Viana. De prim er ascenso. Celada y C uevas, P radorrey y Bonillos, Santa Colomba de la Vega, Requejo de la Vega, Soto de la Vega, V illaferruena, Lagunas de Somoza, Mo­ lina de F e rre ra , Colinas de Trasm onte, P riaranza del V ierzo, Salas y Lombillo, C olum brianos, Cortiguera, Castro de Valdeorras, Corgomo, Solveira. De entrada. V aldesam ario, M ansilla del Param o, Ge- n estacio , Zotes, G a n so , Prada de la Sierra, Curillas, Ri
22/07/1857	gazeta	BOE-A-1857-7483	VERIFICADO	frase completa en el texto	1	Nombrando para los curatos vacantes que se expresan á los sujetos citados.	ar Cis- leros.Para el de Soto de la Vega a D. Isidro Fernan- lez Soti lio. I Para el de Villaferruena a D. Mateo Garcia. I Para el de Lagunas de Somoza a D. Jose Sotillo. Para el de Molina Ferrara a D. Pedro Alcantara. Para el de Colinas de Trasmonte a D. Pedro Ramos. Para el de Priaranza del Vierzo a D, Francisco Martinez Calvete. I Para el de Saias y Lombillo a D. Valentin Ro- i driguez, Para el de Columbrianos a D. Felipe Alvarez Muniz. I Para el de Cortiguera a D. Fermin
18/06/1860	gazeta	BOE-A-1860-5704	VERIFICADO	frase completa en el texto	1	Dirección general de Contabilidad de la Hacienda Pública.- Bienes vendidos y Censos redimidos hasta fin de 1857.- Relación de las liquidaciones examinadas y aprobadas por esta Dirección general del capital que ha resultado á favor de las corporaciones ó establecimientos por las ventas de sus bienes ejecutadas hasta el 2 de Octubre de 1858.	...... Idem ......... Idem — Idem........ Idem ........ Idem ........ Idem....... ..................... Idem de Santa Colomba de las Monjas. . ..................... Idem de Villaralbo................ •.................... Idem de Colinas de Trasmonte. ...................... Idem de Morales de Toro................. ............... . Idem de Verdemarbar....................* * (* ................. .... Idem del Maderal....................... . . . ! ! ( ...................... Id
08/03/1865	gazeta	BOE-A-1865-1904	VERIFICADO	frase completa en el texto	1	Real decreto declarando rescindido en contrato para la conducción del correo diario de Benavente á Orense, celebrado entre D. Ignacio Sáenz y otros y la Administración del Estado.	de los con­ tratistas manifestando el mal estado del camino que ienian que recorrer, y de varias certiiicaciones pre­ sentadas por los mismos, y extendidas por los Alcal­ des deSanta Cristina de la Polvorosa, Camarzana de Feras, Colinas de Trasmonte y otras justificantes del mal estado en que se hallaban los caminos, la Administracion principal de Correos de Zamora re­ mitio a la Direccion general del ramo en 15 de Fe­ brero de 1861 un itinerario, manifestando al propio tiem
06/07/1868	gazeta	BOE-A-1868-5766	VERIFICADO	frase completa en el texto	2	Dirección general de Contabilidad de la Hacienda pública.- Núm. 394.- Bienes de Propios y provinciales.- Ventas posteriores al 2 de Octubre de 1858.- Carpeta de las relaciones de ingresos realizados por las dos terceras partes del 80 por 100 de bienes de Propios y provinciales enajenados desde el 2 de Octubre de 1858 en adelante.	... 1 .4 18 ,6 6 55037 Idem de Algedre................................. ............................. 2 928 55038 Idem de Benegiles. . ................. 4.490,68 55039 Idem de Brimc de Urz . . . ............. 857,07 55040 Idem de Colinas de Trasm onte................................. 1.0 66,67 55041 Idem de C a n iz o 42*67 ; 55042 Idem de Cubillos . ........................ 487,47 55043 Idem de Fuentencalada. ........................ ................... 5 .3 5 4 ,1 4 55044 Id
24/09/1868	gazeta	BOE-A-1868-8172	VERIFICADO	frase completa en el texto	1	Dirección general de Contabilidad de la Hacienda pública.- Bienes de propios y provinciales.- Ventas posteriores al 2 de Octubre de 1858.- Carpeta de las relaciones de ingresos realizados por las dos terceras partes del 80 por 100 de bienes de Propios y provinciales enajenados desde el 2 de Octubre de 1858 en adelante.	............................... Diciembre id ... , „ 913,600 57240 Idem de id . . . . . . . ............. Abril 1867........... 1 1 5,200 57241 idem de i d ................................ Diciembre id .. . 916,600 67242 Idem de Colinas de Tras­ monte .. Enero 1866 . . . . 106,667 57243 Idem de i d ................................ Febrero 1867 .. 106,667 57244 Idem de Coomonte . Enero 1866 . . . . 10,720 57245 Idem de id.................... . . . . . Mayo id..... ............
30/09/1870	gazeta	BOE-A-1870-7800	VERIFICADO	frase completa en el texto	17	Decreto aprobando el proyecto adjunto de división territorial con arreglo al cual han de verificarse las elecciones de Diputados provinciales.	NA VEN TE.— 5 Diputados. 4.er distrito.— Micereces de Tera.—Micercces de Tera, Santovenia, Breto, Bretocino, Olmillos, Milles, Villaveza del Agua, Barcial del Barco, Arcos de la Polvorosa, Santa Colomba de las Monjas, Villanazar, Colinas de Trasmonte, Sitrama de Tera, Santa Croya de Tera, Melgar de Tera, Santa Co­ lomba de las Oarabias y Pueblica de Valverde. 2.® distrito.—Benavente.—Villanueva de A zoaque, Castrogonzalo, Fuentes de Ropel. Benavente, Santa Cristina de la Pol­
19/01/1872	gazeta	BOE-A-1872-497	VERIFICADO	frase completa en el texto	3	Providencias judiciales.- Tribunal de Cuentas del Reino. Juzgados de primera instancia.	an se presente en este Juzgado con objeto de ampliarle la declaracion que presto en las diligencias que se instruyen a consecuencia de haber faltado al Jose una bolsa con 69 duros estando en la casa de Magdalena Alonso, vecina de Colinas de Trasmonte, de este partido, en el dia 27 de Octubre ultimo; apercibido de que de no comparecer seguiran las diligenoias y le parara el perjuicio que haya lugar. Benavente 13 de Enero de 1872. = Miguel Lama.= Por mandado de S. S., Dionisio
30/03/1874	gazeta	BOE-A-1874-2673	DUDOSO	aparece Colinas, pero no consta que sea el nuestro	7	Providencias judiciales.- Juzgados eclesiásticos. Juzgados de primera instancia. Juzgados municipales.	go de Terredo, en el termino municipal de Tineo, para que dentro de 15 dias se presente en este Juzgado a prestar declaracion indagatoria en causa formada contra el mismo sobre hurto de un caballo de Manuel P intado, del lugar de Colinas ; apercibido que de no comparecer se le declarara rebelde y le parara el perjuicio que haya lugar. Cangas de Tineo 14 de Marzo de 1874.=Francisco Villa- miL=Fe]ipe Mendez Villaamil. Caspe. D. Victorio Andres y C a t a la n , Juez
02/12/1876	gazeta	BOE-A-1876-9460	VERIFICADO	frase completa en el texto	1	Dirección de la Caja general de Depósitos.- Se acuerdan los pagos que se expresan.	.................... Idem. Villanueva de las Peras................................ Idem, Villar de Farfon.............................................. pic Caiabor............................................................ Idem. Colinas de Trasmonte................................... i . 1? ' ^ Chillon............................................................ Ciudad-Real. Coomonte ............- ...................... Zamora. Cunquilla de Vidriales..........................
12/02/1877	gazeta	BOE-A-1877-1187	VERIFICADO	frase completa en el texto	13	División de los partidos judiciales en distritos para las elecciones provinciales á que se refiere el Real decreto precedente.	ntrevi nas, San Rom un del Valle, Santa Coloinba de las Caraibas, La Torre del Valle, Villabrazaro, Vilianueva de Azoague, Villaveza del Agua, Ma­ lilla de Arzon. Segundo distrito: Mirereees de Tera.—Micereres de Tera, Yblanazur, Colinas de Trasmonte, Si trama do Tera, Santa Troya de Tera, Melgar de Tera, Pueblica de Vaivcrde, Vega de Tera, Calzadi-lla de Tora, Camarzaim, Otero de Rodas, Una­ do Quintana, Cimillos de .Vaivcrde, Bretocino, Quinielas de Vidriales, Quinfnniiia d
28/04/1877	gazeta	BOE-A-1877-3272	VERIFICADO	frase completa en el texto	3	Memoria justificativa del proyecto de división judicial del territorio que comprende la Audiencia de Valladolid (continuación).	rimeros kilometros corresponden a la carretera de Pozuelo de Tavara a Leon, hasta su Cruce con la de Villacastin a Vigo, y el resto, que es carretero natural, pasa por Navianos de Alba, Marquid y Carbajales de Alba. 16. De Toro a Colinas de Trasmonte; enlaza las carreteras de segundo orden de Tordesillas a Zamora y de Pozuelo de Tavara a Leon y Benavente a Mombuey, pasando por Taga- rabuena, Pozo Antiguo, Fuentes Secas , Malva, Pobladura de Valderaduey, Castronuevo, Villalba
22/08/1877	gazeta	BOE-A-1877-6493	VERIFICADO	frase completa en el texto	1	Intervención general de la Administración del Estado.- Bienes de propios y Provinciales.- Ventas posteriores al 2 de Octubre de 1858.- Carpeta de las relaciones de ingresos realizados por las dos terceras partes del 80 por 100 de bienes de Propios y provinciales.	71719 Idem de Cueigamures. Junio 1871............. 67 171720 Idem de id .. ........., Diciembre 1874.. 15*43 171721 Idem de id .... .. . ------ Febrero 1875.... 1.057*29 171722 Idem de id Marzo 1876.......... 800U8 171723 Idem de Colinas de Trasmonte................... Mayo 1873 ___ 400 171724 Riem de id....................... . Idem 1 8 7 4 ....... 3.619 171725 Idem de id .. . . . . . A .. Junio 1875 ............. 3.760 471726 Idem de id ............. Idem 1876 ............
07/08/1879	gazeta	BOE-A-1879-5787	VERIFICADO	frase completa en el texto	1	Bienes de Propios y Provinciales.- Ventas Posteriores al 2 de Octubre de 1858.- Carpeta de las relaciones de ingresos realizados por las dos terceras partes del 80 por 100 de bienes de Propios y provinciales enajenados desde el 2 de Octubre de 1858 en adelante, que examinadas y aprobadas por esta Intervención general se remiten á la Dirección general de la Deuda pública...	e id 802 187822 Idem de id .................... Julio 1878............ 104 187823 Idem de Corecinos de Campos...................... idem 1877............ 728 187824 Idem de id ................... Octubre i d 194:32 187825 Idem de Colinas de Trasm onte................. Junio Id ............... 3.760 187826 Idem de id ..................... Idem 1878............ 3.760 187827 Idem de Corrales Setiembre 1874.. 4.327*01 187828 Idem de id ...................... Octubre 1 875.... 675*
14/05/1880	gazeta	BOE-A-1880-3435	DUDOSO	aparece Colinas, pero no consta que sea el nuestro	4	Administración de Justicia.	la villa y partido de Cangas de Tineo. ’ Por el presente hace saber que en la demanda ejecutiva a instancia de Dona Celestina .Fernandez, del Corrai, arrabal de esta villa, contra los herederos de Juan Fernandez/vecino que fue de Colinas de Arriba, sobre pago de 4.500 pesetas e interes legal, y que hoy se sustancia contra Jos fiadores del referido finado deudor, se acordo por providencia de 28 de Octubre ultimo comunicar traslado por s^xto dia & los hijos o hered
07/05/1884	gazeta	BOE-A-1884-2680	VERIFICADO	frase completa en el texto	1	Intervención general de la Administración del Estado.- Bienes propios y provinciales.- Ventas posteriores al 2 de Octubre de 1858. Carpeta de las relaciones de ingresos realizados por las dos terceras partes del 80 por 100 de bienes de propios y provinciales.	........... Marzo 1880........ 728 212595 Idem de id................. Abril 4881.-........ 728 2 i 2596 Idem de id................ Idem 1882..,.».. 928*32 212597 Idem de id................ Mayo 4883......... 194*32 212598 Idem de Colinas de Trasmonte.............. Julio 4880 ........ 3.760 212599 Idem de id................. Idem 4881.......... 3.760 212600 Idem de id................ Junio 4882...... 3.760 212601 Idem de id................. Mayo 1883.......... 3.760 212602 Ide
28/08/1889	gazeta	BOE-A-1889-5516	VERIFICADO	frase completa en el texto	1	Dirección general de Propiedades y Derechos del Estado.- Estado por provincias de los compradores de bienes desamortizados contra los que se han expedido apremios en dicho trimestre, con embargo de las fincas, por débito de plazos que exceden de 5.000 pesetas, conforme á la ley de 13 de Junio de 1878.	........................ Sicarcas ................................................................ Zamora. . . . . D. Fernando Fernandez.,. . . . . . . . . . . . Idem....................... Clero................................ . Colinas de Trasmonte............................................. T o t a l ............................................ 193.887*32 Lo que se publica en la G a c e t a d e M a d r id en cumplimiento a lo dispuesto en el art. 13 de la ley de 13 de Jun
28/03/1892	gazeta	BOE-A-1892-2055	VERIFICADO	frase completa en el texto	2	Administración de Justicia.	vente* Por la presente requisitoria se cita, llama y emplaza al rocesado Manuel Florez Ferreras, hijo de Juan y de Maria, e cuarenta y cuatro anos cumplidos, casado con Teresa Ca­ sado, tiene hijos, de oficio zapatero* natural de Colinas de Trasmonte, y vecino de esta villa, ha sido antes de ahora procesado y penado por el delito de lesiones, y es conocido por el apodo de Cagache, cuyas^senas personales son: estatu­ ra un metro 630 milimetros, peso 57 kilogramos, dimensio­ ne
29/10/1894	gazeta	BOE-A-1894-6665	VERIFICADO	frase completa en el texto	1	Dirección general de Instrucción pública.- Primera enseñanza.- Escalafón de Maestros y Maestras, provincia de Zamora, distrito universitario de Salamanca.	a Cabeza.....» .............. 11 » 8 1*7*7 i U 73 Manuel Bollo.»• Fontanillas de Castro. 11 » 7 201 74 > 10 8 » 209 75 Ricardo Refoyo. • Villalazan. .o.................................. .. 10 2 3 W/O 208 76 Y alen ti n Rodriguez. Colinas de Trasmonte................ .............. 9 1 0 25 (Cuu 904 77 Francisco Alonso Ranado ................................ ........................... Ferreruela...................................................... 9 9 11 (Cu* 205 78 Celestin
17/04/1898	gazeta	BOE-A-1898-2052	VERIFICADO	frase completa en el texto	2	Dirección general de Obras públicas.- Escalafón del Cuerpo de Delineantes de Obras públicas en 31 de Diciembre de 1897.	___1 Alava__________1 Madrid................ 1 fie n se________ 1 Sevilla................ 1 Uadainz..............1 Madrid................ 1 1 Pueblo. Valencia................................ Gerona................................ Colinas de Trasmonte____ T orea Mnntilla Manar.nr Toruna 1 Manresa 1 Palamos Pnria .................................................. Granarla Jaen T onrrnnr».................................. A stnrora .................................. T 95 Paimac
10/02/1899	gazeta	BOE-A-1899-895	VERIFICADO	frase completa en el texto	2	Dirección general de Obras públicas.- Escalafón del Cuerpo de Delineantes de Obras públicas, rectificado en 20 de Enero de 1899.	.................................. Barcelona........................... Alicante.............................. Bilbao................................... Segovia............................... Valencia............................. Colinas de Trasmonte. . . . Manresa.....................* Borja.............• ............................ N O M B R E S Delineantes primeros. Onciales segundos de Administracion. Rafael Cavanillas y Vicente...........................................
16/07/1899	gazeta	BOE-A-1899-4355	VERIFICADO	frase completa en el texto	4	Administración de Justicia.	1899.—Mariano Pas­ cual.=E1 Escribano, Jose Maria Florenza. J—5488 BENAVENTE _ En la causa criminal seguida en el Juzgado de instruc­ cion de esta villa por el delito de hurto de 23 pesetas a Geno­ veva Bermejo Florez, vecina de Colinas de Trasmonte, y ten­ tativa de otros hechos, contra los procesados Isabel Moreno Sanchez, Antonio Pardo Moreno, Lorenzo Rodriguez Dorado, Candido Antonio y Fernando Virosta del Oro y otros dos mas, de profesion tenderos quinquilleros, y sin v
10/08/1899	gazeta	BOE-A-1899-4947	DUDOSO	aparece Colinas, pero no consta que sea el nuestro	3	Administración de Justicia.	yor cuantia sobre pago de 29.000 pese­ tas, entre partes, de la una, como demandante, D. Bartolome Pelayo y Ruiz, de sesenta y cinco anos de edad, viudo, veci­ no de Campazas, propietario, representado por el Procurador D. Carlos Colinas y defendido por el Letrado D. Epigmenio Bustamante, y de la otra, como demandados, D. Manuel Oria Ruiz, mayor de edad, soltero, empleado; D. Clemente Oria Ruiz, mayor de edad, casado, propietario, ambos de esta ve­ cindad; D. Ram
07/11/1899	gazeta	BOE-A-1899-6956	VERIFICADO	frase completa en el texto	6	Administración de Justicia.	ella y su partid i r -censo del propietario. Por el presente, y en virtud de providenen ,a con esta fecha, en cumplimiento a una carta orden «. ¿dien- cia provincial de Zamora, se cita al procesado > la reia Fernandez, vecino de Colinas de Trasmonte, } el dia 12 de Diciembre, y hora de las nueve de su mah 6 »mpa- rezca ante la expresada Audiencia a fin de da r mpio a las sesiones del juicio oral de causa sobre dano- , dicha Jose Garcia; bajo apercibimiento de que si m eciere
09/06/1905	gazeta	BOE-A-1905-3586	VERIFICADO	frase completa en el texto	2	Caminos Vecinales.- Planes de caminos vecinales comprendidos en los contratos celebrados con las Diputaciones provinciales.	l Vino, por Pontejos. De Almaraz al kilometro 15 de la carretera de Alcanazes. De Puente de Castro (Puebla de Sanabria) al Lago de Ribadelago por Yla&es y Galende. De Vigo a Villardeciervos, partiendo de Villanueva du Valrojo. De Colinas de Trasmonte al Cubo de Benavente por Qu/ruelas de Vidriales,. Quintanilla, Bri- me de Urz, Cunquilla, Cranuicillo, Grijalba, Villaobispo, Santibanez, Bnme de Sog, San Pedro de Zeque y LTna de Quintana a Cubo de Benavente. De Alcubilla de Nog
14/07/1905	gazeta	BOE-A-1905-4334	VERIFICADO	frase completa en el texto	4	Clasificación de las plazas de Médicos titulares (provincia de Zamora).	e la Polvorosa, Vecilla y Fresno de la ruivuiuaa............ .............................. Micereces, con Santibanez,'Abraye- ses,A guilar,SantacroyaySitram a Pobladura del Valle, con Torre y ________ Quiruelas de Yidriales, con Colinas de Trasmonte, Q uintanilladeU rz, Brime, Cunquilla y Sitrama de i^i__ n T»__ A „ T T illo K rtn r 1 ¡san B,oiuaii y u i m w m ..................... San Cristobal de E ntrevinas......... .. Santa Colomba de las Carabias, con San Miguel y Ponde
07/11/1907	gazeta	BOE-A-1907-7930	VERIFICADO	frase completa en el texto	2	Dirección general de Correos y Telégrafos.- Correos.- Relación de los individuos que han sido nombrados para los destinos que se expresan.	a....... « .................. Cartero de Almoines ....................................... Ignacio Cortes Bonct • • ......... • Idem de Castellote a L adrinan....................... Carlos Alcala Asensio ................ Peaton de Colinas de Trasmonte a F rie ira ... Cartero de Torrijos de la Canada. • . . . . . . . . , Joaquin Crespo Jaime ................ Idem de Cucalon a Piedrahita.. . . . . . . . . . . . . Manuel del Rio Gomez. . . . . . . . . Mariano Sancho Adell........
29/11/1907	gazeta	BOE-A-1907-8414	VERIFICADO	frase completa en el texto	1	Dirección general de Correos y Telégrafos.- Relación de los individuos que han sido nombrados para los destinos que se expresan en virtud de propuestas del Ministerio de la Guerra.	ez... . . . . Idem de Burguillos.. . . * .................................. Idem. Idem. Idem. Idem. Saneliez PftTiiaffua.* *. * Idem de Vil 1 al pando a Otero de Sariegos... • Idem de Zamora a Moraleda de Infanzones.. Cartero de Colinas de Trasmonte.. . . » .......... Idem de Fresno da Sayago •. • . . . Fiaviano Soto Garrote.. . . . . . . . Idem de Jerez de ios Caballeros....................... Paulino Sevillano M artin.. . . . . Francisco Pedraja Molina......... Idem de Lob
09/08/1908	gazeta	BOE-A-1908-5998	VERIFICADO	frase completa en el texto	4	Administración de Justicia.	ente requisitoria si cita, llama y emplaza a los procesados Eulogio Prieto Bermejo, alias Garabato, soltero, labrador, de veinte anos de edad, y Justo Carnero Esteban, soltero, jornalero, de treinta y dos anos de edad, vecinos de Colinas de Trasmonte, cujas demas circunstancias no cons­ tan, ignorandose su actual paradero, a fin de que en el plazo de los diez dias, siguientes al en que tenga lugar la insercion de la presente en la G a c eta d e Ma d r id y Boletin oficial de
17/08/1908	gazeta	BOE-A-1908-6179	VERIFICADO	frase completa en el texto	7	Administración de Justicia.	num. 44, y Juez • instructor ci.ei expediente que sigue al recluta Juan Rodriguez Fernandez por haber fritado a concentracion. Por la presente requisitoria ll&mo, cito y emplazo al re- olutR Juan Rodriguez Eornandez, natural de .-Colinas de Trasmonte, parroquia de idem, Ayuntara':ento de idem, pro­ vincia d‘i Z-ireorr., avecindado en Colinas, Juzgado da prime­ ra h/staneia de Bsnavento,. de veintisres anosi^de edad, de oficio bracero, de estado soltero,-estatura se ignora, hi
31/10/1908	gazeta	BOE-A-1908-7913	VERIFICADO	frase completa en el texto	4	Administración de Justicia.	este partido, por providencii dictada hoy en el sumario seguido por robo de palomasNcon tra el procesado Justo Carnero Esteban, de treinta y doj anos de edad, hijo de Manuel y de Manuela, soltero, jornale ro, natural y vecino de Colinas de Trasmonte, y cuyo para dero actual se ignora, acordo se emplace en forma ¿ medi< de la presente cedula a tal procesado, por haberse dictad uuto en tal sumario con fecha 29 de Septiembre ultimo de clarandola concluso y acordando elevarle a
28/12/1908	gazeta	BOE-A-1908-9382	VERIFICADO	frase completa en el texto	5	Administración de Justicia.	comprendido? en los numeras 1.° y 3.° del art. 835 de la ley de Eajuiciamiento criminal, se cita, llama y e m p la z a a los procesados Eulogio Prieto Bermejo, alian Garabato, soltero, labrador, de veinte anos de edad, vecino ds Colinas de Trasmonte, cuyas demas circunstancias no constan, ignorandose su actual paradero, y Justo Carnero Esteban, natural y vecino de dicho Colinas, hijo da Manuel y Manuela, de treinta y dos anos de edad, soltero, jornalero, con alguna instrucci
07/11/1913	gazeta	BOE-A-1913-8892	NO_VERIFICADO	no aparece la palabra Colinas en el texto	4	Continuación del proyecto de ley de División electoral.	
06/02/1916	gazeta	BOE-A-1916-709	VERIFICADO_OCR	frase presente, OCR degradado	1	Dirección General de la Deuda y Clases Pasivas.- Relación de las facturas de presentación al cobro de créditos de Ultramar en el turno preferente que han de satisfacer por la Tesorería de este Centro directivo.	ERESADOS de lii D.u\ C'.i;.oi1 de ia Delegacion. PROVINCIA PUEBLO 810 2 Zam ora.............. Zamora. 811 3 Id em ___. . . . . . Q uinielas de Vidriales. . 813 5 Id e m ............... .. Pontejos. 814 6 Id em ................... Colinas del Trasm onte. 815 •7 Id em ................ .. Idem. 816 8 Idem . . . . . . . . Morales del Vino. 817 9 Id em ............ Abelon. 818 10 Id em .................. Morales del Vino. 820 12 I d e m . . . . . . . . . Santa Clara d
18/02/1920	gazeta	BOE-A-1920-1079	VERIFICADO	frase completa en el texto	2	Reales órdenes resolviendo los expedientes incoados por los Ayuntamientos que se mencionan, sobre modificación del Arreglo escolar y creación de Escuelas.	tratarse de la modiiicaeion del vigente Arreglo escelar; . ' ; y Considerando que es de necesidad la Escuela solicitada: Oonsiderando lo dispuesto en la Real orden de 21 de Abril de 1917, Esta Comision opina que procede crear en Colinas de Trasmonte una Es­ cuela unitaria de ninos y convertir da de asistencia mixta que boy tiene en unitaria de ninas, modincando al efec- . i o e} Arr eg'lo esc o lar cor r e sppnd i en te. ’R B., M. el Rey (q. D«,-g.), ./de .aeuerd'o:. , jcon
30/03/1923	gazeta	BOE-A-1923-2526	DUDOSO	aparece Colinas, pero no consta que sea el nuestro	2	Dirección general de Obras públicas.- Aguas.- Autorizando a la Sociedad agrícola de Villanazar para derivar 250 litros de agua, por segundo, del río Tera, en término de Colinas de Trasmonte y Villanazar, con destino a riegos.	cia de Cordoba. I Exaiminado el expeda en te incoado 'f proy-ecto presentado por la Sociedad'. Agriciola de Yillanazair,oque solicita la^ conicesl’ion de 250 liinos' de agua pori segundo derivados del rio Tora, en. 'teiinjino de 'Colinas de TXasimonte y, (le Yilianiazar, con deslino a riegos: i Il’esuUandq que (c¡l iexp;ediente .se hsf; ■gO',.Ma¥zQ‘T ^ t>gii](itad,o' €on., arieglij, a Jtoinfq lie la IiiMruacioni d e J u n i o de : depreto d0''5'de iSen^^^ ^l)r*o
20/02/1925	gazeta	BOE-A-1925-1631	VERIFICADO	frase completa en el texto	7	Junta Calificadora de aspirantes a destinos civiles.- Relación nominal de las clases de activo y licenciados de todas las clases que se proponen para los destinos anunciados a concurso en Enero.	Ca­ bo Jose Ramajo Rodriguez, con 2-11-18. 13. Idem de Cernadilla; soldado demiente Dominguez Delgado, con 3-0-0. 14. Anulado por estar servido en propiedad, segun Real orden de Go­ bernacion de 12 de Enero ultimo. 15. Cartero de Colinas de Tras­ monte; Sargento licenciado Cirilo Fo­ rrero Minambres, con 2-11-19 de ser­ vicio y 1-0-21 de empleo. 16. Idem de Cubo del Vino; Cabo Bernardo Martin Taniame, con 1-9-0. 17. Idem de Fadon; soldado Alon­ so Payo Payo, con 2-0-16. 18. Des
10/02/1926	gazeta	BOE-A-1926-1437	VERIFICADO	frase completa en el texto	7	Dirección general de Primera enseñanza.- Maestros nombrados provisionalmente por los cuatro primeros turnos del artículo 75 del Estatuto vigente en vacantes correspondientes al mes de Octubre del año último.	Argusino (Zamora), 0 - 2 - 21 . Idean.— 6.703, D. Antonio San Roman «Villasante, de Pijeiros (Orense); la de Cardillo. (.Zamora), 3-9-21: * Idem.“—6.628, D. Jose Manuel Por- domingo Pordomingo, de Villamor de Laguna (Leon); la de Colinas de Tras­ monte (Zamora), 21-8-17. Septima.— 4.539, D. Antonio A. Ru­ bio: Perez, de Cotanes del Monte (Za­ mora); la de Quim-tanilla del Monte (Zamora), ,1-9-921. Novena del segundo— 4.708, D. Jose BlancovLlamas-, de Villamar-Barreiros (Lugo),-
16/06/1926	gazeta	BOE-A-1926-6079	VERIFICADO	frase completa en el texto	5	Dirección general de Primera enseñanza.- Maestras nombradas provisionalmente por los cuatro primeros turnos del artículo 75 del Estatuto vigente, en vacantes correspondientes a los meses de Enero, Febrero y Marzo últimos.	e San Vioente-Arnoya (Orense), 31-3-922. Octava del segundo, 1.012.— Dona Romana Guzman Sanchez, de Villar del Rey-Cenlle (Orense), la de Aiillo- San Amaro (Orense), 1-6-922. Septima, 5.224.— Dona Angela Ovelleiro y Rodriguez, de Colinas de Trasmonte (Zam ora), la de la Rua (O rense), 16-4-916. Novena del segundo, 1.334.— D o­ na Josefina Miranda La Villa, de Ce- 11 es-Si ero (Q yiedo), la de Maree-' nado-Siero (O viedo), 4-9-909. Septima, 3.329. — Dona Maria Ara c el i Ferna
10/11/1926	gazeta	BOE-A-1926-11309	VERIFICADO	frase completa en el texto	6	Dirección general de Primera enseñanza.- Relación de las maestras nombradas provisionalmente por los cuatro primeros turnos del artículo 75 del Estatuto vigente, en vacantes correspondientes al mes de Septiembre último.	Septima, alta.—Dona Maria Aracelf Crespo de la Fuente de Villardlegua de la Ribera (Zamora); la de Cereci-* i nos del Carrizal (Zamora), 11-3-925* . idem, selta.:—Dona Dolores A. Luna • i Hernandez, de Diego Alvaro (Avila); la de Colinas de Trasmonte (Zamora), ■ 9-3-925. Idem, idem.—Dona Maria Asuncion Morera Rodriguez, de Calzada des Be« jar (Salamanca); la de Parvulos; de ' Fuentelapefia (Zamora), . T-3-925. ; Novena del segundo; 2;639;—Dofiat ¡ Obdulia de San Bartdlome Rod
28/04/1931	gazeta	BOE-A-1931-41364	VERIFICADO	frase completa en el texto	6	Dirección general de Primera enseñanza.- Conclusión de los nombramientos provisionales de los opositores comprendidos en la segunda lista supletoria.	rense); residencia,) Juslibol (Zaragoza). ¡ 876.—D. Jose Palm a Palma, la dej Fie-stras - Ginzo (Orense); residencia,;' Baro (Santander). ' 5 877.—D. Cesar Sastre Jimenez, la, de V illardeliebres-Trasm iras (Orense)ff residencia, Colinas de Trasmonte (Za-1 m ora). 878.—«D. Ramiro Subira Consul, la de Villardemilo-Vian-a (O rense); resi- ( dencia, Torr-eserona (Lerida). 879.—D. Enrique Gtermendia Casa- nova, la de Xamiras-A^cavedo (O ren-; se); residencia, Lugo, Constitucion,;
27/01/1932	gazeta	BOE-A-1932-40589	VERIFICADO	frase completa en el texto	1	Dirección general de Propiedades y Contribución territorial.- Relación, por provincias, de los términos municipales en que han sido aprobados los Registros fiscales de edificios y solares desde 1º de Julio de 1930 a 30 de Junio de 1931.	Humilladero. Madharaviaya. ORENSE Moreiras. OVIEDO Coana. Illas. Villayon. PONTEVEDRA ■R ib adu-mia. VALENCIA Petres. ZAMORA Cas trillo de la Giiarefia, Pedralba. Rebellinos. San Agustin, Tapioles, Vega de Villalobos. Rabanales. Colinas de Trasmonte. Vinas. Rosinos de ¡la Requejada. H-ermisende. Malva. Fariza. Valdefinjas. San Ciprian. SANTA CRUZ DE TENERIFE Guia de Isor-a. Nota,—Los anteriores terminos muni­ cipales -eran los unicos que restaban su­ jetos al regimen de amil
26/04/1932	gazeta	BOE-A-1932-3204	NO_VERIFICADO	no aparece la palabra Colinas en el texto	3	Orden disponiendo que dentro del plazo de quince días se verifiquen las elecciones para la designación de los Vocales que han de integrar el Jurado mixto de Trabajo rural, de Zamora.	
19/04/1933	gazeta	BOE-A-1933-3449	VERIFICADO	frase completa en el texto	17	Órdenes declarando beneficiarios del Régimen de subsidio a familias numerosas a los señores que se mencionan.	no. Antonio Prieto Fuentes.—Vihuela de Sayago. Francisco Gato Alonso.—Villalazan, C. Vista Hermosa, 11. Emilio Murcia Martin.—Villalazan, G. Union, 6. Pedro Giron Fuentes.—Morales del Vino., C. La Ermita. Andres Bermejo Forreras.—Colinas de Trasmonte, C. Quiruelas, 6. Blas Veledo Lopez.—Villaverde de Valverde, C. Valdevides. Matias Perez Arenales.—Vihuela de Sayago. Urbano Mayo Prada.—Benavente, C. Obispo Requena. Francisco Lopez Garrido.—Fermose- lle, C. Republica, 72. Seraf
18/07/1933	gazeta	BOE-A-1933-6185	VERIFICADO	frase completa en el texto	2	Orden disponiendo que la provincia de Zamora se divida, a los efectos del servicio recaudatorio, en las zonas que se indican.	de la Polvorosa, Arra- balde, Ayoo de Vidriales, Barcial del iBarco, Benavente, Bercianos de Vi­ driales, Breto, Bretocino, Brime de Sog, Brime de Urz, Burganes de Val­ verde, Calzadilla de Tera, Camarzana de Tera, Castrogonzalo, Colinas de Trasmonte, Coomonte, Cubo de Bena­ vente, Cunquilla de Vidriales, Fresno de la Polvorosa, Fuente Encalada, Fuentes de Ropel, Granucillo, Maire de Casiroponce, Manganeses de la Polvorosa, Malilla de Arzon, Melgar ¡de Tera, Micereces de Tera
02/08/1933	gazeta	BOE-A-1933-42708	VERIFICADO	frase completa en el texto	3	Dirección general del Tesoro público.- Anunciando la provisión por concurso del cargo de Recaudador de la Hacienda en las zonas de los puntos que se indican.	ks, © arcM del Baria, ©enavenie, ©ercionos fie Vidrialefi, Breto, Bretocino, Brime de aog, Brl- me de Urz, Burganes de Vaiverde, Ud- 812 2 Agosto 1933 Gaceta de Madrid. —Num. 214 zadilla de Tera, Camarzana de Tera, Casirogonzalo, Colinas de Trasmonte, Coomonte, Cubo de Benavente, Cim- quiila de Vidriales, Fresno de la Pol­ vorosa, Fuentenealada, Fuentes de Ro- pel, Granucillo, Maire de4 Castropon- ce, Manganeses de la Polvorosa, Ma­ lilla de Arzon, Melgar de Tera, Mi- cereces
24/11/1933	gazeta	BOE-A-1933-9889	VERIFICADO	frase completa en el texto	2	Órdenes relativas a la clasificación de los partidos farmacéuticos que se mencionan.	ado por ios Municipios de Man- ¡ganesco de la Polvorosa, Villabrazaro y Morales del Rey, al que se asigna un J Inspector Faimaceutico de tercera ca­ tegoria, por tener 3,133 habitantes y Otro constituido por los Ayuntamientos sde Colinas de Trasmonte, Quinielas de [Vidriales, Briine de Urz y Vulanazar, jal que corresponde un Inspector Far­ maceutico de tercera categoria, por poseer 2.565 habitantes,, segun el censo ¡en vigor. En virtud de lo expuesto, los Ayun- ' .tomentos in
11/08/1934	gazeta	BOE-A-1934-42618	NO_VERIFICADO	no aparece la palabra Colinas en el texto	6	Dirección general de Primera enseñanza.- Propuesta provisional de nombramientos para Escuelas nacionales que fueron anunciadas a concurso general de traslado, y que han correspondido en primer lugar a Maestros y Maestras que solicitaron las de una sola provincia.	
04/09/1935	gazeta	BOE-A-1935-43382	VERIFICADO	frase completa en el texto	32	Dirección general de Primera enseñanza.- Relación de Escuelas vacantes.	tao; Sestao; Seccion parvulos Esparza; 17.755. Provincia de Zamora. Numero general, 1.490; provincial, 1; localidad, Boveda de Toro; Ayun­ tamiento, Boveda de Toro; cla^e de Escuela, unitaria; censo, 1.815 habi­ tantes. 1.491; 2; Colinas de Trasmonte; Colinas de Trasmonte; unitaria; 552. 1.492; 3; Zamora; Zamora; Cervan­ tes, parvulos; 20.507. Provincia de Zaragoza. Numero general, 1.493; provincial, 1; localidad, Aguilon; Ayuntamiento, Aguilon; clase de Escuela, parvulos; ce ||| arvulos Esparza; 17.755. Provincia de Zamora. Numero general, 1.490; provincial, 1; localidad, Boveda de Toro; Ayun­ tamiento, Boveda de Toro; cla^e de Escuela, unitaria; censo, 1.815 habi­ tantes. 1.491; 2; Colinas de Trasmonte; Colinas de Trasmonte; unitaria; 552. 1.492; 3; Zamora; Zamora; Cervan­ tes, parvulos; 20.507. Provincia de Zaragoza. Numero general, 1.493; provincial, 1; localidad, Aguilon; Ayuntamiento, Aguilon; clase de Escuela, parvulos; censo, 1.163 habitantes.
26/11/1935	gazeta	BOE-A-1935-44223	VERIFICADO	frase completa en el texto	25	Dirección general de Primera enseñanza.- Disponiendo se publiquen las relaciones de adjudicación provisional de Escuelas vacantes a los Maestros y Maestras que se indican.	s, nume­ ro 8.484; 54,07.—San Martin de Grafa- nes (Oviedo), la 957-30, Sotrondio, San Martin del Rey Aurelio, mixta. A dona Angela Ovelleiro Rodriguez, 3.833; 54,04.—Puebla de Sanabria, Pue­ bla de Sanabria (Zamora), la 1.491-2, Colinas de Trasmonte, Colinas de Tras­ monte, unitaria. A dona Domitila Piquera Gonzalez, 4.385; 54,04.—Santa Barbara, San Mar­ tin (Oviedo), la 947-20, Molleda, Corbe- ra, unitaria. A dona Maria Estrella Gomez Nava- rrete, 8.011; 54,04. —Albalate de ||| 07.—San Martin de Grafa- nes (Oviedo), la 957-30, Sotrondio, San Martin del Rey Aurelio, mixta. A dona Angela Ovelleiro Rodriguez, 3.833; 54,04.—Puebla de Sanabria, Pue­ bla de Sanabria (Zamora), la 1.491-2, Colinas de Trasmonte, Colinas de Tras­ monte, unitaria. A dona Domitila Piquera Gonzalez, 4.385; 54,04.—Santa Barbara, San Mar­ tin (Oviedo), la 947-20, Molleda, Corbe- ra, unitaria. A dona Maria Estrella Gomez Nava- rrete, 8.011; 54,04. —Albalate del Ar­ zobispo, Albalate
02/01/1941	gazeta	BOE-A-1941-24	VERIFICADO	frase completa en el texto	2	Órdenes por las que se aprueba la constitución de agrupaciones intermunicipales al solo efecto de tener un Secretario común, en concepto de convenientes, de las provincias de Alava y Zamora.	Losacio y Losacino. Cerezal de Aliste y Videmala. Moreruela de Tabara y Pozuelo de Tabara Partido Judicial de Benavente Micereces de Tera y Santibanez de Tera. N u m . 2 B O L E T I N O F I C I A L DEL E S T A D O P a g i n a 25 Colinas de Trasmonte y Quiruelas de Vidriales. Arcos de la Polvorosa y Milles de la Polvorosa. Bretocino y Burganes de Valverde. Santa Maria de la Vega y Villafe- rruena. . Pobladura del Valle y Torre del Valle. Broto de la Rivera y Santovenia del Es
04/09/1941	gazeta	BOE-A-1941-8709	DUDOSO	aparece Colinas, pero no consta que sea el nuestro	12	Transcribiendo las vacantes que se han de proveer en el Concurso general de traslados del Magisterio.	. . . . Cividiello .............................. Clavillas ...................... .... Coalla ......................................... C ob a ............................................... Coba (La) ........................... Colinas .................................... Colinas de Arriba. Colambres ............. Una (1) ..................... Una (1) ........................ Una (1) ....................... Una (1) ....................... Una (1) .............. ||| .... Clavillas ...................... .... Coalla ......................................... C ob a ............................................... Coba (La) ........................... Colinas .................................... Colinas de Arriba. Colambres ............. Una (1) ..................... Una (1) ........................ Una (1) ....................... Una (1) ....................... Una (1) ....................... Una (1) ...................... Una
04/10/1944	gazeta	BOE-A-1944-9055	DUDOSO	aparece Colinas, pero no consta que sea el nuestro	3	Dirección General de Correos y Telecomunicación (Correos).- Transcribiendo relación de los Agentes rurales declarados aptos y propuestos para serles concedida la propiedad en el cargo que interinamente desempeñan.	lodoaldo Carbajo Ve lasco ......... •Gregorio Fidalgo M*edina .......... Venancio Pedrero Colino ............. Antonio Becares Escudero ............ Lorenzo Huertas Fernandez ....... Argeo Gomez Cuerdo ................... Domingo Colinas Santiago ..... .... Manuel Bartulos Iglesias ............. Olimpio ASensio Vosa .................... Desiderio Gallego Blanco .'........... CARGOS C. R. Calabor. O. R. Carbajales de la Encomienda. C. P. Castrogonzalo. C R. Castro
02/04/1945	gazeta	BOE-A-1945-3382	VERIFICADO	frase completa en el texto	40	Orden por la que se aprueba la demarcación de los Juzgados Municipales, Comarcales y de Paz.	e la Vega, Santovenia, La Torre del Valle, Villabrazaro, Vi- llanueva de Azuague y Villaveza del Agua. Santibanez de Tera.—Juzgados de Paz que comprende: Bretocino, Burganes de Valvcrde, I Calzadilla de Tera, Camarzana de | Tera, Colinas de Trasmonte, Melgar de Tera, Micereces de "Pera, Otero de Bodas, Pueblica de Val verde, Santa C royade Tera, Sitrama de Tera, Vega de ITera v Villanazar. Santlbafiez de Vidriales.—Juigados de Paz que comprende: Alcubilla de Nogales, Arrabal
22/07/1947	gazeta	BOE-A-1947-7251	VERIFICADO	frase completa en el texto	9	Orden de 2 de julio de 1947 por la que se transcribe relación de los aspirantes a aprendices, con expresión de la residencia, que con motivo de la convocatoria publicada en el "Boletín Oficial del Ministerio del Aire", número 50, de 1 de mayo del corriente año, han sido seleccionadas sus instancias para ser reconocidos y examinados en el mes de julio y agosto próximo en fecha que oportunamente se les comunicará.	Marcos Andres Tem prano, ¡Manganesos de la Lam prea- na (Zamora). 53. Rafael Andro Alegre, Leon. 54. Gines Andreu Nunez, Villardeciervos (VHlardevos), (Orense). 58. Julian Antolinez Vals, Valladolid. 65. Florentino Arce Esteban, Colinas de Trasm onte (Za­ mora). 66. Jose Arguello Fernandez, ¡Melgar de Abajo (Valladolid). 67. C esar Arias Frutos, Leon. 70. Jesus Arino Bouza, Lugo. 77. M iguel Armendariz Abril, Leon. 84. Aristides Astorga Crespo, Alija de los Melones (Leon),, 8
01/07/1949	gazeta	BOE-A-1949-6739	NO_VERIFICADO	no aparece la palabra Colinas en el texto	1	Dirección General de Administración Local.- Disponiendo la publicación del Escalafón de Secretarios de segunda categoría, totalizado al 31 de diciembre de 1947.- Suplemento al número 182. Fascículo único, páginas 1 a 56.	
22/04/1950	gazeta	BOE-A-1950-4700	VERIFICADO	frase completa en el texto	8	Dirección General de Administración Local.- Convocando concurso para la provisión en propiedad de las plazas vacantes de Secretarios de Administración Local de tercera categoría.	Pino ....................................... 6.000 Pozoantiguo y Aver^mes................... 7.500 Pueblica de Valverde.......................... 6.000 Quintayilla del M onte...................... 6.000 Qiliruelas de Vidriales y Colinas de Trasmonte ................................. 9.000 San Ciprian de Sanabria :..... 6.000 San Pedro de Zamudios, Morales de Valveme y Villarejcs de Valverde. 7.500 San Roman del Valle y Villabrazaro 6.000 Santa Clara ^.e Avedillo.............
16/09/1950	gazeta	BOE-A-1950-10049	VERIFICADO	frase completa en el texto	10	Dirección General de Administración Local.- Resolviendo el concurso convocado por Orden de 17 de abril de 1950 (BOLETÍN OFICIAL DEL ESTADO DEL 22) para la provisión, en propiedad, de las plazas vacantes de Secretarios de Administración Local de tercera categoría y designando provisionalmente a los señores que se relacionan para las plazas que se indican.	.................................... Fozoantiguo n A,*ezan/** .............................. Pueblica de Valverde ................................... Quintanilla a i Monte ................................. Quiniela de Vidriales y Colinas de Tras­ monte ............................................................ San Ciprian de Sanabria ........................... San Pedro de Zamudios. Morales de Val- verde y Villarejos de Valverde.............. - San Roman del Valle y Villabra
17/11/1950	gazeta	BOE-A-1950-12070	VERIFICADO	frase completa en el texto	7	Dirección General de Administración Local.- Resolviendo el concurso convocado por orden de 17 de abril de 1950 (BOLETIN OFICIAL DEL ESTADO del 22) para la provisión en propiedad, de las plazas vacantes de Secretarios de Administración Local de tercera categoría, y designando definitivamente a los señores que se relacionan para las plazas que se indican.	..... P. Juan Seisdedos Hernandez. Pino ........i.................................................. P. Marcelino Pertejo Se sena. Pozoantiguo y Avezanes ........................ P. Silvino Crespo Valverde. Quiruela de Vidriales y Colinas de Tras­ monte ....................................................... P Felipe Barrios Lobat San Ciprian de Sanabria ....................... D- Ramiro Sastre Sutil. Tabara ....................................................... P- Victoriano .
29/12/1953	gazeta	BOE-A-1953-16642	VERIFICADO	frase completa en el texto	5	Dirección General de Administración Local.- Convocando concurso para la provisión en propiedad de las plazas vacantes de Secretarios de Administración Local de tercera categoría.	.00o Otero de Bodas ....... 10.009 Peleas de Arriba y Fuentelcarnero. 10,000 Perdigon (El) y Entrala ..... 12.009 Pino de Oro .......... 0.000 Porto ........... .10.000 Puebla *de Sanabria ........ 11.000 Quinielas de Vidriales y Colinas de Trasmonte 12.000 Rabano de Al-ste .............. 12.00o Rosinos de la Requejada ......... 12.000 San Ciprian ......... 9.0O0 San Pedro de Ceque y BrimedeSoj 12.-0.QO San Pedro de la Vina y Villajeriz. 10.000 Banta Eufemia del Barco .......
10/06/1954	gazeta	BOE-A-1954-9080	NO_VERIFICADO	no aparece la palabra Colinas en el texto	6	Dirección General de Administración Local.- Resolviendo el concurso convocado por Orden de 21 de diciembre de 1953 (BOLETIN OFICIAL DEL ESTADO del 29), para proveer en propiedad plazas vacantes de Secretarios de Administración Local de tercera categoría y designando provisionalmente a los señores que se relacionan para las plazas que se indican.	
07/08/1954	gazeta	BOE-A-1954-12225	VERIFICADO	frase completa en el texto	4	Dirección General de Administración Local.- Aprobando la clasificación de Secretarías, Intervenciones y Depositarias de la provincia de Zamora.	A) ........................................... Cibanal ............................ .............. , Cional ............ ,........................... ........ Cobreros ................................... Codesal, Boya, Cional (A) Colinas de Trasmonte ....................... Coomonte ........................ .................... Coreses .................. ................ . Corrales......... ....................................... Cotsnes del Monte ....................... Cubi ||| Puebla de San abria ........................... Pueblica de Valverde ....................... Qulntaniila del Monte .................... ©uintanWa del Olmo ...... Quintanilla de Urz ....................... Quirue1as de Vidriales. Colinas de Trasmonte (A) .............. ............. pob^nalps ........................................... Rabano de Aliste ............................. Renneio. Terroso (A) ..................... Revoiiinos. San Agustin del Pozo, Vidavanes (A) ....
21/08/1954	gazeta	BOE-A-1954-12900	VERIFICADO_OCR	frase presente, OCR degradado	8	Dirección General de Administración Local.- Resolviendo el concurso convocado por Orden de 21 de diciembre de 1953 (BOLETIN OFICIAL DEL ESTADO del 29) para proveer en propiedad plazas vacantes de Secretarios de Adminstración Local de tercera categoria, y designando, definitivamente, a los señores que se relacionan para las plazas que se indican.	777 D Eustaquio Genicio Rodriguez. Peleas de Arriba y Fuenteicarnero G Aureliano Ramos Garcia Perdigon. El. y Entrala ...... ...... G Crescendo Garcia Gonzalez. Puebla de Sanabria D Jose Rodriguez Carbajo Quiruelas de Vidriales y Colinas de ~ T . 0 ^ , Trasmonte D Luis Sabucedo Penedo. Rabano de Aliste".. '...'" .” ; . ” ! "i 5 J,os¿l ^T andez Caneda. Ricinos de la Requejada ... 5 Justo P Morales Diaz. gan Ciprian . ... Jose Rivas Correa San Pedro de Ceque y Brim
07/10/1955	gazeta	BOE-A-1955-13801	VERIFICADO	frase completa en el texto	16	Dirección General de Sanidad. -Anunciando concurso de antigüedad o de prelación en el Escalafón del Cuerpo de Practicantes titulares.	Zamora. Alfaraz de Sayago y agregados. Alcanices y agregados. Alcubilla de Nogales. Almeida. Arravalde. Berver de los Montes. Camarzana de Tera y agregados. Castrogonzalo y agregado. Castronuevo y agregado. Cobreros y agregados. Colinas de Trasmonte y agregados. Coomonte y agregado. Coreses. Espadanedo y agregados. Faramontanos de Tabara y agregado. Fariza. Ferreruela de Tabara y agregado. Ferreras de Abajo. Figueruela de Arriba y agregados. Fornidos de Fermoselle y agregado
03/05/1956	gazeta	BOE-A-1956-6542	VERIFICADO	frase completa en el texto	14	Dirección General de Sanidad.- Convocando oposición libre para proveer en propiedad plazas de la plantilla del Cuerpo de Practicantes titulares.	. Vizcaya Ermua. Carranza. Zamora. A ifaraz de Sayago y agregados, Alcaniees y agregados. A lcubilla de Nogales. Arravalde. C am arzana de T era y agregados. Castrogonzalo y agregado. Castronuevo y agregado. Cobreros y agregados. C olinas de Trasm onte y agregados. Cooinonte y agregado. Coreses. Espadanedo y agregados. Faram ontanos de T ab ara y agregado. Fariza. Ferrerueia de T ab ara y agregado. - Ferreras de Abajo. Flguerueia de Arriba y agregados. Fornidos de Fermoselle y
29/07/1956	gazeta	BOE-A-1956-10762	VERIFICADO	frase completa en el texto	2	Dirección General de Propiedades y Contribucion Territorial.- Transcribiendo relación por provincias de los términos municipales en que se han aprobado los trabajos de formación del nuevo Catastro de la Riqueza Rústica, que se hace pública en cumplimiento de lo dispuesto en el artículo 68 del Reglamento de 23 de octubre de 1913.	Berriatua. Cortezubi. Ea. Ereno, Forua, Fruniz, Guizaburuaga. Ibarran- guelua. Ispaster Lequeitio. M e n d e j a, M o r g a. Mundaca, Murueta, Navamiz, Ondarroa, Pedernales. Z am ora Ayoo de Vidriales, Calzadilla de Tera, Cional, Colinas de Trasmonte. Micereces de Tera. Mombuey. Otero de Sanabria, Pobladura del Valle. Pueola de Sanabna, Quiruelas de Vidriales. Roelos, uosmos de la Requeja. San Cristobal de Entrevi- nas. Santa Colomba de Carabias. Santa Cristina de la Polvoros
26/12/1956	gazeta	BOE-A-1956-17896	VERIFICADO_OCR	frase presente, OCR degradado	7	Dirección General de Administración Local.- Convocando concurso para proveer en propiedad plazas vacantes de Secretarios de Administración Local de tercera categoría.	..... 12.500 P eq u e...................... 12.500 Porto .. ... ... ................................ 12.500 , Puebla de Sanabria .................. 13.750 ! Quintanilla del Monte................. 12.500 j Quinielas de Vidriales y Colinas | de Trasmonte................................ 15.000 i Roelos y Carbellino ... *........... 13.759 v Rosinos de la R equejada.............. 15.000 San Esteban del M o la r 12.500 San JUsto .......................................
04/05/1957	gazeta	BOE-B-1957-5996	VERIFICADO	frase completa en el texto	3	Servicio Nacional del Trigo de León, Lugo, Pontevedra, Vigo, Zamora y Zaragoza.	zo de 1957.—El Jefe provincial (ilegible). 2.437. Peticionario: Don Leoncio Canibano Rabanillo. Objeto de la peticion: Instalar un mo­ lino maquilero de piensos. 3006 4 mayo 1957 B. O. del E.—Num. 120 Localidad del emplazamiento: Colinas de Trasmonte. • Capital: 59.500 pesetas. La maquinaria es de produccion na­ cional. Se hace publica esta peticion para que los industriales que se consideren afecta­ dos por la misma puedan presentar ante esta Jefatura los escritos que estime
20/05/1957	gazeta	BOE-B-1957-6652	VERIFICADO	frase completa en el texto	2	Servicio Nacional del Trigo de Madrid, Alicante, Avila, Toledo, Valencia y Zamora.	e 1957.—El Jefe provincial (ilegible). 3.470. ZAMORA C a m b io de p r o p ie t a r io Peticionario: Don Aureliano Ramos Ra­ mos. Objeto de la peticion: Se inscriba a su nombre molino maquilero mixto. Localidad del emplazamiento: Colinas de Trasmonte. Capital: 300.000 pesetas. La maquinaria es de produccion nacio­ nal. Se iiace publica esta peticion para que los industriales que se consideren afec­ tados por la misma puedan presentar an­ te esta Jefatura los escritos que esti
07/08/1957	gazeta	BOE-B-1957-10474	NO_VERIFICADO	no aparece la palabra Colinas en el texto	5	Nombramientos.- Resolución en el concurso convocado para proveer en propiedad plazas vacantes de Secretarios de Administración Local de tercera categoría, y designando definitivamente a los señores que se relacionan para las plazas que se indican.	
27/09/1957	gazeta	BOE-B-1957-12848	VERIFICADO	frase completa en el texto	8	Farmacéuticos Titulares (Inspectores Farmacéuticos Municipales).- Resolución por la que se convoca concurso de prelación o de antigüedad para la provisión en propiedad de plazas vacantes.	: Anna. Beniopa. Picana. Valladolid: Castronuno. Cogeces del Monte. Matapozuelos. Mojados. Pedraja del Portillo (La). Pesquera de Duero. , Portillo. Rueda. Villavicencio de los Caballeros* Vizcaya: Ceanuri. _ Zamora: Castronuevo. Colinas de Trasmonte. Fuentes de Ropel. Manganeses de la Polvorosa. Morales de Toro. Penausande. Pereruela. Requejo. « Villarin de Campos. Zaragoza: Aguaron. Alfajarin. Longares. Mainar. Murillo de Gallego. < Sos del Rey Catolico. Torres de Berrellen
13/03/1958	gazeta	BOE-B-1958-4286	VERIFICADO	frase completa en el texto	10	Nombramientos.- Orden de 20 de febrero de 1958 por la que se aprueba el concurso de antigüedad entre Farmacéuticos titulares (Inspectores Farmacéuticos Municipales), convocado por Orden de 27 de mayo de 1957.	del Campo. Villarroya de los Pinares Toledo: Alameda de la Sagra. Cedillo del Condado y Gerin- dote. Valladoiid’ Cogeces del Monte, Matapozuelos. Mojados. Pe- draja del Portillo (La) y Pesquera de Duero. Vizcaya: Ceanuri. Zamora: Colinas de Trasmonte, Puentes de Ropel, Manga- neses de la Polvorosa, Penausende, Pereruela. Requejo y Vlllarin de Campos. Zaragoza: Longares. Mainar, Murillo de Gallego, Villafeliche y Villanueva de Huerva. Cuarta categoria Alava: Arceniega, Pobes y
28/04/1958	gazeta	BOE-B-1958-6846	VERIFICADO	frase completa en el texto	79	Transportes por carretera.-Resoluciones por las que se adjudica definitivamente el servicio público regular de transporte de viajeros entre las localidades que se citan.	Sog Santibanez de Vidriales, San Pedro de la Vina y Carracedc El de la hijuela entre Mombuey y Benavente, de 57 kilo­ metros de longitud, pasara por Rionegro del Puente Junquera, Vega de Tera. Santa Marta de Tera, Sitrana de Tera Colinas de Trasm onte y Santa Cristina de Polvorosa Ek de la hijuela entre Zamora y Villardeciervos de 96 ki­ lometros de longitud pasara por Muelas del Pan, Roe ¿bayo. Cerezal, Juan de Rebollar. Mahide San Pedro de las Herrerias v Bayo El de m hijuel
13/06/1958	gazeta	BOE-A-1958-9342	VERIFICADO_OCR	frase presente, OCR degradado	19	Orden de 27 de mayo de 1958 por la que se fija la superficie de la unidad mínima de cultivo para cada uno de los términos municipales de las distintas provincias españolas.	os de la Polvorosa, ArrabiUde. Ayoo de Vidriales, Barcial dei Barco, Be­ navente. Ecrcianos de Vidriales, Breto, Bretocino, Brime de Sog, Enme de Urs. Buigumes de Valverde, Calzadilla de Tera, Ca­ ma r/ano de Tera. Castrogonzalo, Colinas del Trasmonte, Coo- monte. Cunqueilla de Vidriales, Fresno de la Polvorosa. Friera de Valverde. Fuente Encalada. Fuentes de Ropel, Granucillo,, Mair de Castroponce, Manganeses de la Polvorosa, Matilla de Arzon, Melgar de Tera. Mi
21/08/1958	gazeta	BOE-B-1958-12943	VERIFICADO	frase completa en el texto	10	Matronas titulares.-Resolución por la que se convoca concurso para la provisión de destinos en propiedad de plazas vacantes en el Cuerpo. (Continuación.).	egadas, distri to unico Carbajales de Alba y agregados, distrito unico) Castrogonzaio y agregado.' distrito unico Castronuevo y agregado, distrito unico - Ca^troverde de Campos, distrito unico Cubreros y agregados/distrito unico. Colinas de Trasmonte y agregados, distri­ to unico Coomonte y agregado, distrito unico Cor eses, distrito unico. Espadanedo y agregados, distrito unico. Faramontanos de Tabara y agregado, dis­ trito unico. Fariza y agregados, distrito unico. Ferreras
28/05/1959	gazeta	BOE-A-1959-7416	VERIFICADO	frase completa en el texto	15	Resolución de la Dirección General de Sanidad por la que se convoca concurso para la provisión de plazas de Practicantes titulares.	alpando. Tercera categoria. Alcanlces. Alcubilla dp Nogales. Alfaraz de Sayago y agregados. Arcos de la Polvorosa y agregados. Arrabalde. Camarzana de Tera y agregados. Castrogonzalo y agregado. Castronuevo. Cobreros y agregados. Colinas de Trasmonte y agregados. Coreses. Espadanedo y agregados. Faramontanos de Tabara y agregado. Fariza y agregados. Ferreras de Abajo. Figueruela de Arriba y agregados. Fonfria y agregados. Fornillos de Fermoselle y agregados. Fresno de Sayago
22/07/1959	gazeta	BOE-A-1959-9954	VERIFICADO	frase completa en el texto	4	Orden de 7 de julio de 1959 por la que se crean definitivamente Escuelas Nacionales de Enseñanza Primaria en las localidades que se detallan.	s en el barrio de «Aranguren», del Ayuntamiento de Zalla. Zamora Una Escuela mixta, servida por Maestra, en Viliaflor - del Ayuntamiento de Ceezal de Aliste. Una Escuela mixta, servida por Maestra, en el casco del Ayuntamiento de Colinas de Trasmonte. Una unitaria de ninos en el casco del Ayuntamiento de Lo- sacio de Alba. Una Escuela de parvulos en el casco del Ayuntamiento de Villarrin de Campos. Zaragoza Una unitaria de ninos y una de ninas en el casco del Ayun- 'tamiento
27/10/1970	boe	BOE-A-1970-50433	VERIFICADO_OCR	Colinas + (Zamora) en la misma linea	1	Decreto 3119/1970, de 8 de octubre, por el que se declara de utilidad pública y de urgente ejecución la concentración parcelaria de la zona de Colinas de Trasmonte (Zamora).	se, declara. deutuidad·publica.·Y de urgente eieeu- Clon la concentracion . parcelaria de la zona de Calinas (le· Trasttl-onte·'(Zamora). Los acusados' caracteres de gravedad q~e ofrece la,dispersion parcelarill.<le .1'1. zona de Colinas ,de"Tras.rnonte (Zamora), pues- tos de rrpmtfies~'p<>rlos agriculto,~'delamisma en solicitud de con~ntr,acion dirigida; alMini~tfii<JdeAgricultura,.han mo- tivooo la, reaHzaci,O,n: por el aervu:uo:NacioJ::u\;1 ,~Concentr-aci6n Pa
10/06/1971	boe	BOE-A-1971-40309	VERIFICADO	leido a mano: la relacion de titulares va bajo "Termino municipal de Colinas"	2	Resolución por la que se fija fecha para proceder al levantamiento de actas previas a la ocupación de las fincas afectadas por las obras de ensanche, mejora y acondicionamiento de firme de la carretera C-620, entre los puntos kilométricos 1,500 al 20,000, de Benavente a Sitrama de Tera, término municipal de Colinas de Trasmonte (Zamora).	aci{'n de las /inc(ts ajectadas por las ob,'as ele L'n~ sand!e mejOra ?I acondicionamiento de firme de ia ,;arretera C-620 entre los puntos killmujlricos 1,5U!! al 20,000 de Benarcnte a Sit.rama de Tf.nt. TamiJlO 1!Illnir;fpat de Colinas de Trasmun!c IZa~ ,'/1010). i\;)'-,<)'(',) de acuerdu con tI articulo 52 de la 'i.'igenll' L:'ion POl'zo';J, (jur f'l pro:~{'.mo via 25 de junio. v en LI AyuDhlmic:to de Colinas de T'ra:cmonte. :.mtnmi,'ntc -ckJ acta plp.'li.'1 a ||| rcnte a Sit.rama de Tf.nt. TamiJlO 1!Illnir;fpat de Colinas de Trasmun!c IZa~ ,'/1010). i\;)'-,<)'(',) de acuerdu con tI articulo 52 de la 'i.'igenll' L:'ion POl'zo';J, (jur f'l pro:~{'.mo via 25 de junio. v en LI AyuDhlmic:to de Colinas de T'ra:cmonte. :.mtnmi,'ntc -ckJ acta plp.'li.'1 a la {)f'upal"iul1 {je ""u'!>"( ~lf{'ctados por ,,-l expedientp <JI.' rerel'end¡¡ ;::igtlIentf':' tituh:'cs: DE I',s bj:'lj('~'; pt'lt(':w' _ TImo. Sr.: La Orden mmisterial de 23 ||| Canal Cereal 3.- [),2"G5 :Guadauo Pradera U.- 00115 :Gua'c!afJo \)211f);¡ G1Jar:biio Pradcm U.- 0:S19 Canal Cereal 3.- ¡.',inO ----- -" .._--- Supt'rf1<:le a expru¡:naI (Ha.} '·'1 . . d:-~i--~'~m~;l-~; ¡- :1 Termino municipal de Colinas Elias Alvarez Femundez. Juan Alvare7. Jafiez .. ". _._ Agustin Anton Moreno . Celestina Arce Esteb.:'lll .. Isidoro Bermejo Esteban Juan Miguel Bermejo E'·<tt'ban Arglmiro Bermejo Pernla Eugenio B!anco Gonzalez Ja-einto Cabreros
22/02/1972	boe	BOE-A-1972-33978	VERIFICADO	frase completa en el texto	2	Decreto 354/1972, de 10 de febrero, por el que se aprueba la incorporación del Municipio de Colinas de Trasmonte al de Quiruelas de Vídriales (Zamora).	FRANCO El Ministro de la Gobernacion, TOMAS GARICANO G~I DECRETO 354/1972, de 10 de febrero, por el que se aprueba la incorporacion del Municipio de CoUnas de Trasmonte al de Quiruelas de Vidrtales (Za- mora). El Ayuntamiento de Colinas, de Trasmonte adopto acuerdo, con quorum legal. -de solicitar la incorporacion de su Municipio al limitrofe de Quiruelas de Vidriales, ambos de la provincia de Zamora, en' aten-eion a la escasez de poblacion. dificultad para mantener los servi ||| tnuio la Gobornaclon y previa deliboracion del Consejo JI. Mlnlstros en su reunion del dia cuatrode-febi'ero"aemU;Il():V@!te~tos s~tenta y dos. DISPONGO, Articulo primero.-Se aprueba la 1nC(irporaeionV'Olu~tarltl del Municipio de Colinas de Trasmonte,al"d,8Quiruela~td.Vi­ driales «ZamoraJ. Articulo segundo.-Quooa faeul~o 01 M\J1Iot.,-jo· de~ .(Ji). bernacion para dictar las dispoBici<mes 'qUe,' pudie~ ,e~gir el cuniplimientode'este Decreto. Asl lo cUspOngQ por' el"preBe'n~Dee
08/08/1972	boe	BOE-A-1972-1185	VERIFICADO	frase completa en el texto	1	Orden por la que se acuerda la supresión del Juzgado de Paz de Colinas de Trasmonte (Zamora).	irector general de Justicia. ORDEN de 27 de junio de 1972 por la que se acuer· da la supresion del Juzgado de Paz de Colinas de Tras/nante (Zamora). Ilmo. Sr.: Visto el expediente instruido para la supresion del Juzgado de Paz de Colinas de Trasmonte, como consecuell~ia de la incorporacion de su Municipio al de Quiruelas de Vidna- les (Zamora). /- Este Ministerio, de conformidad con la propuesta formulada por la Sala de Gobienno del Tribunal Supremo, y teniendo en cuenta lo e ||| erio, de conformidad con la propuesta formulada por la Sala de Gobienno del Tribunal Supremo, y teniendo en cuenta lo establecido en la base primera de la Ley de 19 de junio de 1944, ha acordado la supresion del Juzgado de Paz de Colinas de Trasmonte y su incorporacion al de igual clase de Quiruelas de Vidriales, el que se hara cargo de la documenta- cion y archivo del Juzgado de Paz suprimido. Lo que digo a V. 1. para su conocimiEnto y demas efectos. Dios guarde a V. 1. much
11/10/1975	boe	BOE-A-1975-21121	VERIFICADO	frase completa en el texto	2	Resolución de la Dirección General de la Producción Agraria por la que se aprueba el programa de producción ordenada en ganado bovino en la provincia de Zamora.	Pueblica de Valver­ de, Friera de Valverde, San Pedro de Zamudia, Micereses de Tera, Navianos de Valverde, Villanazar, Cunquilla de Vidriales, Granuci- 11o de Vidriales, Quiruelas de Vi­ driales, Burean es de Valverde, Bretocino, Colinas de Trasmonte, ^ Alcubilla de Nogales, Arrabalde, Villaferruena, Santa Maria de la Vega, Coomonte, Maire de CaS- troponce, Fresno de la Polvorosa, Morales del Rey, Milles de la Pol­ vorosa, Bretocino, Santa Goloma de las Monjas, Arcos de la Po
07/02/1976	boe	BOE-A-1976-2947	VERIFICADO	frase completa en el texto	17	Resolución de la Dirección General de Sanidad por la que se convoca concurso ordinario para provisión de puestos de trabajo de carácter general en las plantillas del Cuerpo de Practicantes Titulares y de Casas de Socorro.	la Polvorosa y agrega­ dos. La Boveda de Toro. Camarzana de Tera. Canizal y agregado. Casaseca de la Chanas y agre­ gado. Castronuevo de los Arcos y agre­ gado. Castroverde de Campos. Cerecinos de Campos y agre­ gados. Cobreros. Colinas de Trasmonte y agre- gado. Coomonte. Cubillos y agregado. Cubo de Tierra del Vino y agre­ gado. Espadeno y agregados. Faramontanos de Tabara. Fariza (Tudera) y agregados. Provincia y partido medico Numero de vacantes Ferreras de Abajo y agreg
08/04/1976	boe	BOE-A-1976-7522	VERIFICADO	frase completa en el texto	1	Orden de 26 de febrero de 1976 por la que se aprueba el plan de mejoras territoriales y obras de la zona de concentración parcelaria de Colinas de Trasmonte (Zamora).	7522 ORDEN de 28 de febrero de 1976 por la que se aprueba el plan de mejoras territoriales y obras de la zona de concentracion parcelaria de Colinas de Trasmonte (Zamora). limos. Sres.: Por Decreto de 11 de julio de 1968 se declaro sujeta a ordenacion rural la comarca de Benavente Tera. Por Decreto de 8 de octubre de 1970 se acordo la realizacion de la concentracion parcelaria de la zona ||| amora). limos. Sres.: Por Decreto de 11 de julio de 1968 se declaro sujeta a ordenacion rural la comarca de Benavente Tera. Por Decreto de 8 de octubre de 1970 se acordo la realizacion de la concentracion parcelaria de la zona de Colinas de Trasmonte (Zamora), de acuerdo con lo establecido por dicho Decreto. En cumplimiento de lo dispuesto en los articulos 82 y 129 de la Ley de Reforma y Desarrollo Agrario de 12 de enero de 1973, el Instituto Nacional de Reforma y Desarrollo ||| la Ley de Reforma y Desarrollo Agrario de 12 de enero de 1973, el Instituto Nacional de Reforma y Desarrollo Agrario ha redactado y somete a la aprobacion de este Ministerio el plan de mejoras territoriales y obras de la zona de Colinas de Trasmonte (Zamora), que se refiere a las obras de red de caminos y red de saneamiento. Examinado el referido plan, este Ministerio considera que las obras en el incluidas han sido debidamente clasificadas en los grupos que determina el art
30/06/1976	boe	BOE-A-1976-12559	VERIFICADO	frase completa en el texto	4	Orden de 24 de mayo de 1976 por la que se modifican las demarcaciones de ciertos partidos farmacéuticos y se adscriben 37 puestos de trabajo de Farmacéuticos titulares a los Servicios Centrales y Periféricos de la Dirección General de Sanidad.	Ar­ zon, Morales del Rey, Paladinos del Valle, San Roman del Valle, Santa Maria de la Vega, La Torre del Valle, Vecilla de la Polvorosa, Villabrazaro y Villaferrueno, con una plaza de Farmaceutico titular 2. Fusion del partido de Colinas de Trasmonte con Mice- reces de Tera y Benavente, quedando amortizado el puesto de trabajo de Farmaceutico titular del partido que se fu­ siona. Los partidos resultantes quedaran asi: Micereces de Tera con Abraveses de Tera, Aguilar de Tera, ||| quedando amortizado el puesto de trabajo de Farmaceutico titular del partido que se fu­ siona. Los partidos resultantes quedaran asi: Micereces de Tera con Abraveses de Tera, Aguilar de Tera, Bercianos de Valverde, Brime de Urz, Colinas de Trasmonte, Melgar de Tera, Morales de Valverde, Navianos de Valverde, Pueblica de Valverde, Quintanilla de Urz, Queiruelas de Vi­ driales, San Pedro de Zamedia, Santa Croya de Tera, Santa Maria de Valverde, Santibanez de Tera, Sitrama de T ||| de Valverde, con una plaza de Farmaceutico titular. Benavente con San Cristobal de Entrevinas, San Miguel del Esla, Santa Colomba de las Carabias, Santa Colomba de las Monjas, Santa Cristina de la Polvorosa, Villanazar, Mozar de Colinas de Trasmonte. 3. Fusion del partido de. Castroverde del Campo con el partido de Villanueva del Campo, quedando amortizado el puesto de trabajo de Farmaceutico titular del partido que se fusiona. El partido resultante quedara asi: Villanueva d
13/07/1976	boe	BOE-B-1976-30333	VERIFICADO	frase completa en el texto	6	Subastas y concursos de obras y servicios públicos	tin Oficial» de la provincia, numero 69, de fecha 9 de junio del ano actual, se publicaron las bases que han de regir la subasta para la realizacion de obras da reparacion en los siguientes caminos vecinales-. Camino vecinal ruta Colinas de Tras­ monte a Quintanilla de Urz, con un presu­ puesto de Tcitacion de 5.388.385 pesetas, y fianza provisional de 107.768 pesetas. Camino vecinal 811, Villalpando. a Quin­ tanilla del Monte, con un presupuesto de licitacion de 1.473.578 pese
01/08/1977	boe	BOE-A-1977-17807	VERIFICADO	frase completa en el texto	14	Resolución de la Dirección General de Sanidad por la que se convoca concurso ordinario para provisión de puestos de trabajo, con carácter general, en las plantillas del Cuerpo de Practicantes Titulares y de Casas de Socorro y Hospitales Municipales.	zana de Tera y agregados (3.a c.). Canizal y agregado (3.a c ). Carbajales de Alba y agregados (3.a c.). Castrogonzalo y agregado. (3.a c.). Cerecinos de Campos y agregado (3.a c.). Cional y agregados (2.a c.). Cobreros (3.a c.). Colinas de Trasmonte y agregado (3.a c.). Corrales (4.a c.). Cubillos y agregados (3.a c.). Cubo de Tierra del Vino y agregado (3.a categoria). Espadanedo y agregados (3.a c.). Faramontanbs de Tabara (3.a c.). Fariza (Tudera) y agregados (3.a c.). Fe
12/08/1977	boe	BOE-B-1977-30383	VERIFICADO	frase completa en el texto	12	Subastas y concursos de obras y servicios públicos	Camino local de Santa Cristina de la Polvorosa a Manganeses' de la Polvorosa, en una longitud de 5,8 kilometros y con un presupuesto de contrata de pese­ tas 4.911.928. Fianza provisional: pe­ setas 108.238. Camino vecinal ruta. Colinas de Tras­ monte a Santibanez de Vidriales (del ki­ lometro 13 al 21), con una longitud de 3,6 kilometros y con un presupuesto de contrata de 10.009:763 pesetas. Fianza pro­ visional: 191.097 pesetas. Camino vecinal 117, Benavente a Mora­ les de
03/12/1977	boe	BOE-A-1977-29106	VERIFICADO	frase completa en el texto	1	Resolución de la Delegación Provincial de Zamora por la que se autoriza el establecimiento de la instalación que se cita (expediente A-54/77).	siguientes: Linea aerea trifasica, a 13,2 KV., con origen en -apoyo nu­ mero 36 de la linea Quintanilla de Urz-Quiruelas de Vidriales, longitud de 7.26o metros, final en apoyo numero 94, enlazando con linea a Mozar. Derivacion a Colinas de Trasmonte-Escuelas, desde el apoyo numero 55, con longitud de 306 metros. Derivacion a centro de transformacion de Vecilla de Tras­ monte, desde el apoyo numero 72, longitud de 27 metros. Derivacion a. centro de transformacion de Villanaza
31/03/1978	boe	BOE-A-1978-8263	DUDOSO	aparece Colinas, pero no consta que sea el nuestro	10	Resolución de la Secretaría de Estado para la Administración Pública por la que se da publicidad a la relación mensual 02/78 de admitidos y excluidos a pruebas selectivas para ingreso en el Cuerpo Auxiliar de la Administración Civil del Estado.	0.305 Rojo Suarez, Eugenio ................................. 50.934.957 900.312 Roldan Ayuso, Pilar ..................................... 377.906 900.326 Rollan Maclas, Julio Manuel ...................... 15.235.814 900.333 Roman Colinas, Marcelina ......................... 11.714.551 900.347 Roman Lucero, Maria del Pilar ............. 11.713.388 900.354 Romani Blancafort, Angeles .................. 46.109.359 900.361 Romero Fernandez, Maria de la Mon- tana .....
03/01/1979	boe	BOE-A-1979-49989	DUDOSO	aparece Colinas, pero no consta que sea el nuestro	4	Resolución del Instituto Nacional de Administración Pública por la que se da publicidad a las listas provisionales de admitidos y excluidos a las IX pruebas selectivas para ingreso en el Cuerpo Administrativo de la Administración Civil del Estado, turnos libre y restringido. (Continuación.)	z, Alicia ...................................... Coleto Calero, Jose ........................................... Colilla Peletero, Maria Jesus ....................... Colina Cobo, Jesus ..:........................................ Colinas Marques, Nicanor .............................. Colino Furones, Manuel .... ........................... Colino Garcia, Manuel ..................................... Coll Bastida, Carlos Antonio ....................... Ccll Bastida
20/02/1979	boe	BOE-A-1979-5164	VERIFICADO	frase completa en el texto	13	Orden de 21 de diciembre de 1978 por la que se convoca concurso ordinario para provisión de puestos de trabajo vacantes en las plantillas de los Cuerpos de Médicos Titulares y de Médicos de Casas de Socorro y Hospitales Municipales, este último declarado a extinguir.	iales, 4.a c. Bermillo de Sayago, 2.a c. Boveda de Toro, 3.a c. Bustillo del Oro, 4.a c. Canizal y agdo., 3.a c. Canizo, 4.a c. Casaseca de Campean, 5.a c. Castroverde de-Campos, 3.a c. Cerecinos del Carrizal y agrega­ do, 4.a c. Colinas de Trasmonte y agdo., 3.a categoria. Coomonte y agdo., 3.a c. Cotanes del Monte, 4.a c. Espadanedo y agdos., 3.a c. Faramontanos de Tabara, 3.a c. Fermoselle, 2.a c. Ferreras de Abajo, 3.a c. Fornillos de Fermoselle y agrega­ dos, 3.a c. Fres
08/12/1979	boe	BOE-A-1979-28998	NO_VERIFICADO	no aparece la palabra Colinas en el texto	3	Orden de 14 de noviembre de 1979 por la que se aprueba el mapa sanitario de la provincia de Zamora.	
17/01/1980	boe	BOE-A-1980-1135	VERIFICADO	frase completa en el texto	13	Orden de 17 de diciembre de 1979 por la que se convoca concurso ordinario en las plantillas del Cuerpo de Practicantes Titulares y de Casas de Socorro y Hospitales Municipales.	anos y agdos., 2.a c. Burganes de Valverde, 4.a c. Camarzana de Tera y agdos., 3.a c. Carbajales de Alba y agdos., 3.a c. Castrogonzalo y agdos., 3.a c. Cerecinos de Campos y agdo., 3.a c. Cional y agdos., 2.a c. Cabreros, 3.a c. Colinas de Trasmonte y agdo., 3.a c. Cubillos y agdos., 3.a c. Cubo de Tierra del Vino, El, y agdos., 3.a c. Espadanedo y agdos., 3.a c. Faramontanos de Tabara, 3.a c. Fariza (Tudera) y agdos., 3.a c. Fermoselle, 2.a c. Ferreras de Ahajo y agdos., 3.
09/02/1980	boe	BOE-A-1980-3095	VERIFICADO	frase completa en el texto	17	Orden de 14 de enero de 1980 por la que se convoca concurso ordinario para provisión de puestos de trabajo vacantes en las plantillas de los Cuerpos de Médicos Titulares y de Médicos de Casas de Socorro y Hospitales Municipales, este último declarado a extinguir.	.a c. Ayoo de Vidriales, 4.a c. Benegiles y agregado, 4.a c. Bermillo de Sayago, 2.a c. Bustillo del Oro, 4.a c. Canizo, 4.a c. Casaseca de Campean, 5.a c. Castroverde de Campos, 3.a c. Cerecinos del Carrizal y agre­ gado, 4.a c. Colinas de Trasmonte y agre­ gado, 3.a/C. Coomonte y agregado, 3.a c. Cotanes del Monte, 4.a o. Espadanedo y agregados, 3.a c. Faramontanos de Tabara, 3.a c. Fermo ielle, 2.a c. Ferreras de Abajo, 3.a c. Fornidos de Fermoselle y agre­ gados, 3.a c. F
29/04/1980	boe	BOE-B-1980-30206	VERIFICADO	frase completa en el texto	11	Otros anuncios	nociendose el actual paradero del propietario del vehiculo marca -Ford Tau- nus Transit», sin placas de matricula, ti­ po furgon, de color azul, sin numero de bastidor ni de motor. Efectuada el dia 10 de abril del ano en curso en Colinas de Trasmonte (Zamora), por Inspectores del Servicio Especial de Vigilancia Fiscal de la Delegacion de Hacienda de Salaman­ ca. Se le hace saber por el presente edicto lo siguiente: Por acuerdo de la Presidencia de este Tribunal, a las doce ho ||| se el actual paradero del propietario del vehiculo marca «Renault- 6», tipo R/1.180, de color rojo, sin placas de matricula, ni numero de motor, ni de bastidor. Aprehension que fue efectuada el dia 10 de abril del ano en curso en Colinas de Trasmonte (Zamora) por Ins­ pectores del Servicio Especial de Vigilan­ cia Fiscal de la Delegacion de Hacienda de Salamanca, se le hace saber por el pre­ sente edicto lo siguiente: Por acuerdo de la Presidencia de este Tribunal, a las doce
26/05/1980	boe	BOE-B-1980-30252	VERIFICADO	frase completa en el texto	23	Otros anuncios	conomico-Administra­ tivo, se notifica al propietario del fur­ gon marca Ford-Taunus Transit, sin pla­ cas de matricula, color azul, sin numero de bastidor, ni de motor, cuya aprehen­ sion tuvo lugar el dia 10 de abril de 1680 en Colinas de Trasmonte (Zamora) por Inspectores del Servicio Fiscal de la Dele­ gacion de Hacienda de Salamanca, incul­ pado en el expediente numero 30/80, ins­ truido por aprehension de un furgon mar­ ca Ford-Taunus, sin placas de matricula, mercancia ||| Economico-Adminis­ trativo, se notifica al propietario del vehi­ culo marca Renault-6, tipo R/1.180, color rojo, sin placas de matricula, ni nume­ ro de bastidor ni motor, cuya aprehension tuvo lugar el dia 10 de abril de 1980 en Colinas de Trasmonte (Zamora) por Ins­ pectores del Servicio Especial de Vigilan­ cia Fiscal de la Delegacion de Hacienda de Salamanca, inculpado en el expediente numero 29/80, instruido por aprehension de vehiculo Renault-0, color rojo, sin pla­ cas
05/07/1980	boe	BOE-B-1980-30322	VERIFICADO	frase completa en el texto	14	Otros anuncios	numero 30/80. Valorado en veinticinco mil pesetas y que fue aprehen­ dido por Inspectores del Servicio Especial de Vigilancia Fiscal de la Delegacion de Hacienda de Salamanca, el dia 10 de abril del ano en curso, en el pueblo de Colinas de Trasmonte (Zamora) Zamora, 12 de junio de 1980.—El Secre­ tario del Tribunal Provincial de Contra­ bando, Visto bueno: El Delegado de Ha­ cienda, Presidente.—9.581-E. El Tribunal Provincial de Contrabando, en Comision Permanente y en sesio
28/07/1980	boe	BOE-A-1980-16159	VERIFICADO	frase completa en el texto	17	Orden de 14 de julio de 1980 por la que se eleva a definitiva la relación provisional de admitidos y excluidos y se hace pública la adjudicación provisional de plazas en el concurso de traslado del Cuerpo de Médicos Titulares y de Médicos de Casas de Socorro y Hospitales Municipales, este último declarado a extinguir.	. 5B3 D.a Maria Teresa Zarrabeitia Aniz. Aguero y agdo. (Huesca). 4.a c. 584 Dv Juan Jose Montero Insa. Tarbena y agdo. (Ali­ cante) , 4.a c. 585 D. Antonio Reyes Puchol. Godelleta (Valencia), 4.a c. 586 D. Modesto Andres Arroyo. Colinas de Trasmonte y agregado (Zamora), 3.a c. 587 D. Francisco Sanz Gonzalez. Ciperez (La Moralita) y agdo. (Salamanca), 3.a c. 589 D. Jose Luis Velasco Lopez de Ocariz. Quintanilla Somuno y agdos. (Burgos), 3.a c. 590 D. Jose Carlos Soto Blanco.
30/11/1984	boe	BOE-B-1984-30539	VERIFICADO	frase completa en el texto	20	Subastas y concursos de obras y servicios	ntinua­ cion se detallan: ■ Vezdemarban Parcela 798 del poligono 35, valorada en 2.125 pesetas. Parcela 234 del poligono 37, valorada en 42.500 pesetas. Cerecinos de Carrizal Parcela 25 del poligono 1, valorada en 80.000 pesetas. Colinas de Trasmonte Parcela 58, pago «Vallondo», valorada en 48.000 pesetas. Parcela 393, pago «La Pescueza», valora­ da en 104.000 pesetas. Parcela 680, pago «Vega de Arriba», va­ lorada en 7.000 pesetas. Quintanilla de Urz Parcela 8, pago «Tras Si
24/12/1984	boe	BOE-A-1984-28024	VERIFICADO	frase completa en el texto	5	Real Decreto 2248/1984, de 28 de noviembre, sobre extensión del servicio telefónico en el medio rural.	Puebla de Famals (Playa). Valladolid Castrillo de Duero. San Bernardo. Zamora Abejera. Arcos de la Polvorosa. Ayoo de Vidriales. Bercianos de Aliste. Bretocino. Brime de Sog. Burganes de Valverde. Calzadilla de Tera. Carbellino. Colinas de Trasmonte. Cubo de Benavente. Ferraras de Arriba. Ferreruela. Friera de Valverde. Malva. Melgar de Tera. Milles de la Polvorosa. Moral de Sayago. Navianos de Valverde. Olmillos de Valverde. Peleas de Abajo. Peque. Pino. Porto. Pumarejo de
23/04/1985	boe	BOE-B-1985-30097	VERIFICADO	frase completa en el texto	12	Subastas y concursos de obras y servicios	ia 12 de junio, a las doce horas, en el salon de actos de esta Delegacion, de las fincas rusticas que se detallan: Valoracion Pesolas San Pedro de Zamudia: Parcela 153 del poligono 19... 14.700 Parcela 127 del poligono 19.. 4.900 Colinas de Trasmonte: Parcela 393 del poligono 1. . 88.400 Parcela 58 del poligono 1. .. . 40.800 Quiniamlla de Urz: Parcela 8 del poligono 1 7.7.100 San Martin de Valderaduey: Parcela 142 del poligono 1. . . 23.800 Parcela 677 del poligono 1. . . .
24/09/1985	boe	BOE-B-1985-30229	VERIFICADO	frase completa en el texto	15	Subastas y concursos de obras y servicios	Parcela 135 del poligono 35, valorada en 97.750 pesetas. Parcela 115 del poligono 35, valorada en 127.500 pesetas. Parcela 234 del poligono 35, valorada en 35.000 pesetas. Quintanilla de Urz Parcela 8, valorada en 60.200 pesetas. Colinas de Trasmonte Parcela 58, valorada en 33.600 pesetas. Parcela 393 del poligono 1, valorada en 72.800 pesetas. Santa Crova de Tera Parcela 1.364 del poligono 1, valorada en 124:100 pesetas. Parcela 1.827 del poligono 1, valorada en 44.200 peset
21/05/1986	boe	BOE-B-1986-30121	VERIFICADO	frase completa en el texto	12	Subastas y concursos de obras y servicios	lorada en 17.000 pesetas. «Santa Croya de Tera»: Parcela 1.827 del poligono 1. de 0,8665 hecta­ reas. Valorada en 36.400 pesetas. «Vega de Villalobos»: Parcela 632 del poligono 3, de 0,1908 hectareas. Valorada en 28.900 pesetas. «Colinas de Trasmonte»: Parcela 58, de 0,6870 hectareas. Valorada en 26.400 pesetas. Parcela 393, de 1,7360 hectareas. Valorada en 57.200 pesetas. Quienes deseen una mayor informacion pue­ den solicitarla de la Seccion del Patrimonio y Loterias de est
09/02/1987	boe	BOE-B-1987-30347	VERIFICADO	frase completa en el texto	3	Otros anuncios oficiales	2-14 (4417). COMUNIDAD AUTONOMA DE CASTILLA Y LEON Consejeria de Fomento Resolucion por la que se hace publica la adjudica­ cion definitiva de la concesion de servicio publico regular de transporte de viajeros por carretera entre Colinas de Trasmonte-Puebla de Sanabria y Palacios de Sanabria-Quintanilla de Juste!. (V-2.366) Con fecha 16 de diciembre de 1986 se otorga definitivamente a don Julio Fernandez Mateos la concesion del servicio publico regular de trans­ porte de viaj ||| Orden de otorgamiento del servicio base y, entre otras, las siguientes condi­ ciones particulares: Itinerario base: De Benavente a Quintanilla de Justel, de 102,7 kilometros de longitud; pasara por Santa Cristina de la Polvorosa, Colinas de Tras­ monte, Sitrama de Tera, Santa Marta de Tera, Camarzana de Tera, Calzada de Tera (cruce), Vega de Tera, Junquera de Tera, Rionegro del Puente, enlace de las carreteras N-525 y C-620, Mombuey, Cemadilla (cruce), Asturianos, Pala­ cios de ||| nlace de las carreteras N-525 y C-620, Mombuey, Cemadilla (cruce), Asturianos, Pala­ cios de Sanabria, Anta de Rioconejos, Rioconejos, Carbajales de la Encomienda, Espadanedo, Donado, Muelas de los Caballeros y Justel. Hijuela de Colinas de Trasmonte a Carracedo, de 25,6 kilometros; pasara por Quinielas de Vidriales, Quintanilla de Urz, Brime de Urz, Cunquilla de Vidriales, Granucillo de Vidriales, Moratones, Bercianos de Vidriales, Rosinos de Vidriales y San Pedro de la Vina
14/02/1987	boe	BOE-B-1987-30352	VERIFICADO	frase completa en el texto	17	Otros anuncios oficiales	pasando por Anta de Rioconejos, Carbajales de la Encomienda, Espadanedo y Donado, de 18 kilometros de longitud, y Mom- buey-Benavente, pasando por Rionegro del Puente-Junquera, Vega de Tera, Santa Marta de Tera, Sitrama de Tera, Colinas de Trasmonte y Santa Cristina de la Polvorosa, de 27 kilometros de longitud. Lo que se hace publico en cumplimiento de la normativa reglamentaria, vigente en los transpor­ tes por carretera. Valladolid, 9 de enero de 1987.-El Consejero, Juan
05/10/1999	boe	BOE-A-1999-19811	NO_VERIFICADO	no aparece la palabra Colinas en el texto	5	Real Decreto 1524/1999, de 4 de octubre, por el que se convocan elecciones locales parciales.	
19/01/2000	boe	BOE-A-2000-1158	VERIFICADO	frase completa en el texto	12	Orden de 23 de diciembre de 1999 por la que se actualizan los anexos de la Orden de 7 de enero de 1998, en relación con la utilización de los nombres geográficos y de la mención "vino de la tierra" en la designación de los vinos de mesa.	a: Alcubilla de Nogales. Arcos de la Polvorosa. Arrabalde. Ayoo de Vidriales. Barcial del Barco. Benavente. Breto. Bretocino. Brime de Sog. Brime de Urz. Burganes de Valverde. Calzadilla de Tera. Camarzana de Tera. Castrogonzalo. Colinas de Trasmonte. Cubo de Benavente. Cunquilla de Vidriales. Faramontanos de Tabara. Fresno de la Polvorosa. Friera de Valverde. Fuente Encalada. Fuentes de Ropel. Granja de Moreruela. Granucillo. Maire de Castroponce. Manganeses de la Polvorosa.
26/04/2005	boe	BOE-A-2005-6772	VERIFICADO	frase completa en el texto	2	Resolución de 4 de abril de 2005, del Instituto de la Mujer, por la que se concede la novena edición de las ayudas al empleo «Emprender en femenino» para fomentar la inserción por cuenta propia de las mujeres en regiones de Objetivo 1.	27 FRANCOS RODRIGUEZ, Ma OLIVA . . . . . . . . . . 45426446C TINEO . . . . . . . . . . . . . . . . . . . . . . ASTURIAS . . . . . . . . . . . . . . . . . 4,5 11.201,65 PERAL VILLALON, EVA MARIA . . . . . . . . . . . . . 11963563K COLINAS DE TRASMONTE . . . ZAMORA . . . . . . . . . . . . . . . . . . . 4,5 12.000,00 PRADAS BORRUECO, Ma JESUS . . . . . . . . . . . . 14616580B FUENTE PALMERA . . . . . . . . . . CORDOBA . . . . . . . . . . . . . . . . . 4,5 8.205,84 ARCE VEGA, JUA
05/07/2005	boe	BOE-B-2005-159070	VERIFICADO	frase completa en el texto	2	Resolución de fecha 8 de junio de 2005, de la Presidenta de la Confederación Hidrográfica del Duero, por la que se autoriza la incoación de expediente de Información Pública relativa al «Proyecto de abastecimiento a Benavente y a otros municipios del valle del Tera (Zamora)».	la de la Polvorosa. 38. Morales de Valverde. 39. S. Pedro de Zamudia. 40. Navianos de Valverde. 41. Pobladura del Valle. 42. Pueblica de Valverde. 43. Bercianos de Valverde. 44. Quintanilla de Urz. 45. Quiruelas de Vidriales. 46. Colinas de Trasmonte. 47. Rionegro del Puente. 48. Sta. Eulalia de Rionegro. 49. Valleluengo. 50. Villar de Farfon. 51. S. Cristobal Entrevinas. 52. S. Miguel de Esla. 53. Sta. Colomba de las Carabias. 54. S. Pedro de Ceque. 55. Sta. Colomba de las M
20/02/2009	boe	BOE-A-2009-2936	VERIFICADO	frase completa en el texto	28	Resolución de 20 de enero de 2009, de la Secretaría de Estado de Telecomunicaciones y para la Sociedad de la Información, por la que se publica el Convenio marco de colaboración, entre el Ministerio de Industria, Turismo y Comercio y la Comunidad de Castilla y León, para la ejecución del Plan Nacional de Transición a la TDT.	. . 2 100 Otero de Bodas . . . . . . . . . . . . . . . . . . . . . . . . . . 49139000100 Otero de Bodas . . . . . . . . . . . . . . . . . . . 170 37,06 Quiruelas de Vidriales . . . . . . . . . . . . . . . . . . . . . 49171000100 Colinas de Trasmonte . . . . . . . . . . . . . . 345 100 Rionegro del Puente . . . . . . . . . . . . . . . . . . . . . . 49177000401 Villar de Farfon . . . . . . . . . . . . . . . . . . . 16 63,64 San Pedro de Ceque . . . . . . . . . . . . . . . . . ||| . . . 154 100 Quiruelas de Vidriales . . . . . . . . . . . . . . . . . . . . . 49171000200 Quiruelas de Vidriales . . . . . . . . . . . . . . 521 97,31 Quiruelas de Vidriales . . . . . . . . . . . . . . . . . . . . . 49171000100 Colinas de Trasmonte . . . . . . . . . . . . . . 345 68,99 San Adrian del Valle . . . . . . . . . . . . . . . . . . . . . . 24141000100 San Adrian del Valle . . . . . . . . . . . . . . . 129 17,83 Santa Maria de Valverde . . . . . . . . . . . . . . .
30/04/2009	boe	BOE-A-2009-7260	DUDOSO	aparece Colinas, pero no consta que sea el nuestro	87	Resolución de 31 de marzo de 2009, de la Secretaría de Estado de Seguridad, por la que se hacen publicas las listas de los participantes declarados aptos en las pruebas de selección para vigilantes de seguridad y especialidades, convocadas por Resolución de 29 de diciembre de 2008.	-2009-7260 BOLETIN OFICIAL DEL ESTADO Num. 105 Jueves 30 de abril de 2009 Sec. III. Pag. 38209 DNI Apellidos y nombre 71505336 CERVINO CALVO, EMILIO. 11894821 CHAMORRO MAYOR, MIGUEL ANGEL. 76043615 CHAVES VAZ, ALEJANDRO. 35464074 COLINAS PESADO, DAVID. 20011068 COLLADO GUALDA, JOSE JOAQUIN. 77005855 COMESANA COMESANA, CESAREO. 20175326 CONDE PASCUAL, KOLDOBIKA. 44845689 CONDE TORREIRO, OSCAR. 70049731 CONEJERO GONZALEZ, MANUEL. 10063620 CORCOBA LOPEZ, SANTIAGO. 3 ||| 52386368 MORCILLO VAQUERO, BENJAMIN. 31736855 MORENO CHACON, JOSE-CARLOS. 52082814 MORENO DEL VIEJO, PEDRO. 9034607 MORENO UBEDA, MARIA DE LOS ANGELES. 20045151 MORO LUIS, JONATTAN. 73565382 MURILLO RUIZ, SALVADOR. 53533962 MUNIZ COLINAS, CARLOS IVAN. 74722922 MUNOZ FRANCO, JUAN JESUS. 25665901 MUNOZ GARCIA, JOSE LUIS. 75886503 MUNOZ LLAVES, DANIEL. 33460859 MUNOZ MONTENEGRO, ROSA ISABEL. 43716158 MUNOZ PEREZ, JOSE. 48438366 NACHER MAICAS, JORGE. 4198719 NAVA MAN
24/12/2009	boe	BOE-A-2009-20796	DUDOSO	aparece Colinas, pero no consta que sea el nuestro	72	Resolución de 2 de diciembre de 2009, de la Secretaría de Estado de Telecomunicaciones y para la Sociedad de la Información, por la que se publica la Adenda al Convenio marco de colaboración, entre el Ministerio de Industria, Turismo y Comercio y la Comunidad Autónoma del Principado de Asturias, para el desarrollo del Plan Nacional de Transición a la TDT.	ERRERA 6 100,00 Municipio: VALDES Codigo INE Localidad Habitantes Cubiertos 33034030300 CASTRO DE AYONES 40 100,00 33034030700 VILLAR DE AYONES 42 100,00 33034030600 PEREDA 13 100,00 33034030400 CORROS (LOS) 73 100,00 33034010200 COLINAS 42 100,00 33034151000 PONTONES (LOS) 32 100,00 33034040800 CARLANGAS 27 100,00 cve: BOE-A-2009-20796 BOLETIN OFICIAL DEL ESTADO Num. 309 Jueves 24 de diciembre de 2009 Sec. III. Pag. 109571 Codigo INE Localidad Habitantes Cubiert ||| LA) 17 52,94 33034021400 LONGAS (LAS) 6 100,00 33034040600 CADOLLO (EL) 12 100,00 33034020801 CRUCES (LAS) 29 100,00 33034020700 CAPIELLO (EL) 9 100,00 33034020101 ARCALLANA 27 100,00 33034010301 FAXERA (LA) 31 100,00 33034010201 COLINAS 42 100,00 33034010200 COLINAS 42 100,00 33034010101 ALIENES 26 100,00 33034000000 VALDES (*DISPERSA MUNICIPAL*) 54 18,52 33034020901 FOYEDO 13 100,00 33034102401 SINERIZ 98 100,00 33034151101 SAN FELIZ 102 100,00 33034100700 CARB ||| S (LAS) 6 100,00 33034040600 CADOLLO (EL) 12 100,00 33034020801 CRUCES (LAS) 29 100,00 33034020700 CAPIELLO (EL) 9 100,00 33034020101 ARCALLANA 27 100,00 33034010301 FAXERA (LA) 31 100,00 33034010201 COLINAS 42 100,00 33034010200 COLINAS 42 100,00 33034010101 ALIENES 26 100,00 33034000000 VALDES (*DISPERSA MUNICIPAL*) 54 18,52 33034020901 FOYEDO 13 100,00 33034102401 SINERIZ 98 100,00 33034151101 SAN FELIZ 102 100,00 33034100700 CARBONIELLA 26 100,00 33034133200
28/12/2009	boe	BOE-A-2009-21018	DUDOSO	aparece Colinas, pero no consta que sea el nuestro	112	Resolución de 2 de diciembre de 2009, de la Secretaría de Estado de Telecomunicaciones y para la Sociedad de la Información, por la que se publica la Adenda al Convenio marco de colaboración, entre el Ministerio de Industria, Turismo y Comercio y la Comunidad de Castilla y León, para el desarrollo del Plan Nacional de Transición a la TDT.	000400 IGUENA 249 100,00 24083000700 QUINTANA DE FUSEROS 278 100,00 24083000900 TREMOR DE ARRIBA 549 100,00 cve: BOE-A-2009-21018 BOLETIN OFICIAL DEL ESTADO Num. 312 Lunes 28 de diciembre de 2009 Sec. III. Pag. 110830 24083000200 COLINAS DEL CAMPO DE MARTIN MORO 89 100,00 24083000100 ALMAGARINOS 83 100,00 Municipio: LUCILLO Codigo INE Localidad Habitantes Cubiertos 24090000400 FILIEL 105 100,00 Municipio: MADRIGAL DE LAS ALTAS TORRES Codigo INE Localidad Habitant ||| dad Habitantes Cubiertos 05099000101 HORCAJO DE LAS TORRES 679 100,00 Municipio: IGUENA Codigo INE Localidad Habitantes Cubiertos 24083000900 TREMOR DE ARRIBA 549 100,00 24083000601 POBLADURA DE LAS REGUERAS 226 83,19 24083000200 COLINAS DEL CAMPO DE MARTIN MORO 89 100,00 24083000400 IGUENA 249 100,00 24083000700 QUINTANA DE FUSEROS 278 100,00 Municipio: ISCAR Codigo INE Localidad Habitantes Cubiertos 47075000100 ISCAR 6593 100,00 Municipio: LANGA DE DUERO Codigo
29/07/2011	boe	BOE-A-2011-13109	VERIFICADO_OCR	Colinas + (Zamora) en la misma linea	631	Acuerdo de 30 de junio de 2011, de la Junta Electoral Central, por el que se procede a la publicación del resumen de los resultados de las elecciones locales convocadas por Real Decreto 424/2011, de 28 de marzo, y celebradas el 22 de mayo de 2011, según los datos que figuran en las actas de proclamación remitidas por cada una de las Juntas Electorales de Zona. Provincias: Salamanca, Santa Cruz de Tenerife, Segovia, Sevilla, Soria, Tarragona, Teruel, Toledo, Valencia, Valladolid, Vizcaya, Zamora, Zaragoza, Ceuta y Melilla.	os Concejales Provincia: ZAMORA JEZ: BENAVENTE Municipio: SANTA MARTA DE TERA -E.L.M. N.o electores 212 N.o votantes 187 N.o votos: Candidaturas 174 Blancos 6 Validos Nulos 7 JONATAN MARTIN BALLESTEROS (PSOE) 133 1 JOSE LUIS VEGA COLINAS (PP) 41 Candidatura Votos Concejales Provincia: ZAMORA JEZ: BENAVENTE Municipio: SANTIBANEZ DE TERA N.o electores 446 N.o votantes 369 N.o votos: Candidaturas 366 Blancos 2 Validos 368 Nulos 1 PARTIDO POPULAR 165 4 AGRUPACION DE ||| icipio: VILLAGERIZ N.o electores 48 N.o votantes 46 N.o votos: Candidaturas 88 Blancos 1 Validos 89 Nulos 1 PETRONILA CRISTOBAL CEPEDA (PSOE) 23 1 PEDRO PAZ CRISTOBAL (PSOE) 23 1 JOSE MANUEL CRISTOBAL PAZ (PP) 21 1 VALENTIN GANDO COLINAS (PP) 18 ROBERTO GUERRERO CRISTOBAL (PP) 3 Candidatura Votos Concejales Provincia: ZAMORA JEZ: BENAVENTE Municipio: VILLANAZAR DE VALVERDE N.o electores 294 N.o votantes 249 N.o votos: Candidaturas 224 Blancos 17 Validos 241 Nulos
30/04/2013	boe	BOE-A-2013-4558	VERIFICADO	frase completa en el texto	288	Resolución de 12 de marzo de 2013, aprobada por la Comisión Mixta para las Relaciones con el Tribunal de Cuentas, en relación con el Informe de fiscalización de las contrataciones desarrolladas por las Entidades Locales en relación con las Inversiones Financiadas por el Fondo Estatal de Inversión Local creado por Real Decreto-ley 9/2008, de 28 de noviembre.	.269 Construccion de muro de contencion en Vigo de Sanabra Morales del Vino Quiruelas de Vidriales 16.299 Obras de ampliacion de la Sala de Usos Multiples y Reparaciones varias en la cubierta del edificio de la Casa de cultura de Colinas de Trasmonte Robleda Cervantes 13.339 Acondicionamiento de local para Salon Multiusos Santa Cristina de la Polvorosa 8.488 Pavimentacion viales C y D Toro Zamora 11.476 Soterramiento de contenedores de residuos solidos urbanos en el casco His ||| on talleres ocupaciones para personas con discapacidad intelectual X Zamora Quiruelas de Vidriales 16.299 Obras de ampliacion de la Sala de Usos Multiples y reparaciones varias en la cubierta del edificio de la Casa de Cultura de Colinas de Trasmonte X Albacete Almansa 10.747 Construccion de vestuarios, almacen y graderias de la pista de atletismo, de Almansa X Fuentealbilla 23.022 Construccion de sala polivalente en Bormate X X Hellin 4.774 Complejo polideportivo los doncele ||| e Mochas 33 Valladolid Pollos 5.930 Instalacion de alumbrado Publico Zamora Quiruelas de Vidriales 16.299 Obras de ampliacion de la Sala de Usos Multiples y Reparaciones varias en la cubierta del edificio de la Casa de cultura de Colinas de Trasmonte Zamora 11.476 Soterramiento de contenedores de residuos solidos urbanos en el casco Historico Castilla-La Mancha Albacete Almansa 10.747 Construccion de vestuarios, almacen y graderias de la pista de atletismo Ciudad Real Bolanos
06/08/2013	boe	BOE-A-2013-8697	VERIFICADO	frase completa en el texto	151	Orden AAA/1503/2013, de 26 de julio, por la que se definen los bienes y los rendimientos asegurables, las condiciones técnicas mínimas de cultivo, el ámbito de aplicación, los periodos de garantía, las fechas de suscripción y los precios unitarios del seguro con coberturas crecientes para explotaciones de cultivos herbáceos extensivos, comprendidos en el Plan 2013 de Seguros Agrarios Combinados.	0 1.100 1.950 BURGANES DE VALVERDE 1.870 2.200 2.700 1.300 1.100 1.950 CALZADILLA DE TERA 1.275 1.500 2.000 1.300 1.100 1.950 CAMARZANA DE TERA 1.275 1.500 2.000 1.300 1.100 1.950 CASTROGONZALO 2.210 2.600 2.800 1.500 1.100 1.950 COLINAS DE TRASMONTE 1.870 2.200 2.700 1.300 1.100 1.950 COOMONTE 1.445 1.700 2.400 1.300 1.100 1.950 CUBO DE BENAVENTE 1.275 1.500 2.000 1.300 1.100 1.950 FRESNO DE LA POLVOROSA 1.870 2.200 2.700 1.300 1.100 1.950 FRIERA DE VALVERDE 1.275 1.500 2.00
12/08/2014	boe	BOE-A-2014-8676	VERIFICADO	frase completa en el texto	161	Orden AAA/1509/2014, de 31 de julio, por la que se definen los bienes y los rendimientos asegurables, las condiciones técnicas mínimas de cultivo, el ámbito de aplicación, los periodos de garantía, las fechas de suscripción y los precios unitarios del seguro con coberturas crecientes para explotaciones de cultivos herbáceos extensivos, comprendidos en el Plan de Seguros Agrarios Combinados para el ejercicio 2014.	0 1.100 1.950 BURGANES DE VALVERDE 1.870 2.200 2.700 1.300 1.100 1.950 CALZADILLA DE TERA 1.275 1.500 2.000 1.300 1.100 1.950 CAMARZANA DE TERA 1.275 1.500 2.000 1.300 1.100 1.950 CASTROGONZALO 2.210 2.600 2.800 1.500 1.100 1.950 COLINAS DE TRASMONTE 1.870 2.200 2.700 1.300 1.100 1.950 COOMONTE 1.445 1.700 2.400 1.300 1.100 1.950 CUBO DE BENAVENTE 1.275 1.500 2.000 1.300 1.100 1.950 FRESNO DE LA POLVOROSA 1.870 2.200 2.700 1.300 1.100 1.950 FRIERA DE VALVERDE 1.275 1.500 2.00
18/04/2015	boe	BOE-A-2015-4212	VERIFICADO	frase completa en el texto	11	Orden INT/673/2015, de 17 de abril, por la que se determinan los municipios a los que son de aplicación las medidas previstas en el Real Decreto-ley 2/2015, de 6 de marzo, por el que se adoptan medidas urgentes para reparar los daños causados por las inundaciones y otros efectos de los temporales de lluvia, nieve y viento acaecidos en los meses de enero, febrero y marzo de 2015.	vorosa, Moral de Sayago, Moraleja del Vino, Morales de Valverde, Morales del Rey, Moralina, Navianos de Valverde, Peleagonzalo, Pereruela, Pias, Porto, Pueblica de Valverde, Quintanilla del Olmo, Quiruelas de Vidriales (localidad Colinas de Trasmonte), San Vicente de la cabeza (localidad Bercianos de Aliste), Santa Croya de Tera, Santa Maria de Valverde, Sanzoles, Toro, Torregamones, Vallesa de la Guarena, Villabrazaro, Villadepera, Villaferruena, Villalobos, Villanueva de Az
31/08/2015	boe	BOE-A-2015-9495	VERIFICADO	frase completa en el texto	156	Orden AAA/1759/2015, de 28 de agosto, por la que se definen los bienes y los rendimientos asegurables, las condiciones técnicas mínimas de cultivo, el ámbito de aplicación, los periodos de garantía, las fechas de suscripción y los precios unitarios del seguro con coberturas crecientes para explotaciones de cultivos herbáceos extensivos, comprendidos en el Plan de Seguros Agrarios Combinados para el ejercicio 2015.	E VALVERDE 1.500 2.850 1.100 2.500 1.900 2.200 1.950 CALZADILLA DE TERA 1.500 2.000 1.100 1.500 1.300 1.500 1.950 CAMARZANA DE TERA 1.500 2.000 1.100 1.500 1.300 1.500 1.950 CASTROGONZALO 1.500 2.800 1.100 2.800 2.250 2.600 1.950 COLINAS DE TRASMONTE 1.500 2.850 1.100 2.500 1.900 2.200 1.950 COOMONTE 1.500 2.400 1.100 1.700 1.450 1.700 1.950 CUBO DE BENAVENTE 1.500 2.000 1.100 1.500 1.300 1.500 1.950 FRESNO DE LA POLVOROSA 1.500 2.850 1.100 2.500 1.900 2.200 1.950 FRIERA DE V
16/10/2015	boe	BOE-A-2015-11158	VERIFICADO_OCR	Colinas + (Zamora) en la misma linea	245	Acuerdo de 1 de julio de 2015, de la Junta Electoral Central, por el que se procede a la publicación del resumen de los resultados de las elecciones locales convocadas por Real Decreto 233/2015, de 30 de marzo, y celebradas el 24 de mayo de 2015, según los datos que figuran en las actas de proclamación remitidas por cada una de las Juntas Electorales de Zona. Provincias: Valencia, Valladolid, Zamora, Zaragoza, Ceuta y Melilla.	ia: ZAMORA JEZ: BENAVENTE Municipio: VILLAGERIZ N.o electores 47 N.o votantes 42 N.o votos: Candidaturas 42 Blancos 0 Validos 42 Nulos 0 JOSE MANUEL CRITOBAL PAZ (PP) 22 1 PEDRO PAZ CRISTOBAL (AHORA DECIDE/AS) 20 1 VALENTIN GANDO COLINAS (AHORA DECIDE/AS) 21 1 SANTOS FERRERO GUERRERO (IND) (PP) 20 0 EMILIO GONZALEZ CENTENO (PSOE) 0 0 Candidatura Votos Concejales Provincia: ZAMORA JEZ: BENAVENTE Municipio: VILLANAZAR N.o electores 265 N.o votantes 219 N.o votos: C
27/10/2015	boe	BOE-A-2015-11508	DUDOSO	aparece Colinas, pero no consta que sea el nuestro	6	Real Decreto 953/2015, de 26 de octubre, por el que se convocan elecciones locales parciales.	on. Valdefresno. Santibanez de Porma. Leon. Vecilla (La). Campohermoso. Leon. Vegaquemada. Losilla y San Adrian (La). Leon. Villamandos. Villarabines. Ponferrada. Iguena. Montes de la Ermita (Los). Ponferrada. Iguena. Urdiales de Colinas. Ponferrada. Trabadelo. Parada de Soto. Ponferrada. Vega de Valcarce. Argenteiro y Treita. Sahagun. Cea. San Pedro de Valderaduey. Sahagun. Joarilla de las Matas. San Miguel Montanan. Provincia: Lleida (1 EATIM). La Seu d’Urgell.
05/08/2016	boe	BOE-A-2016-7587	VERIFICADO	frase completa en el texto	170	Orden AAA/1348/2016, de 29 de julio, por la que se definen los bienes y los rendimientos asegurables, las condiciones técnicas mínimas de cultivo, el ámbito de aplicación, los periodos de garantía, las fechas de suscripción y los precios unitarios en relación con el seguro de explotaciones de cultivos herbáceos extensivos, comprendido en el trigésimo séptimo Plan de Seguros Agrarios Combinados.	E VALVERDE 1.500 2.850 1.100 2.500 1.900 2.200 1.950 CALZADILLA DE TERA 1.500 2.000 1.100 1.500 1.300 1.500 1.950 CAMARZANA DE TERA 1.500 2.000 1.100 1.500 1.300 1.500 1.950 CASTROGONZALO 1.500 2.800 1.100 2.800 2.250 2.600 1.950 COLINAS DE TRASMONTE 1.500 2.850 1.100 2.500 1.900 2.200 1.950 COOMONTE 1.500 2.400 1.100 1.700 1.450 1.700 1.950 CUBO DE BENAVENTE 1.500 2.000 1.100 1.500 1.300 1.500 1.950 FRESNO DE LA POLVOROSA 1.500 2.850 1.100 2.500 1.900 2.200 1.950 FRIERA DE V
14/08/2017	boe	BOE-A-2017-9745	VERIFICADO	frase completa en el texto	180	Orden APM/808/2017, de 28 de julio, por la que se definen los bienes y los rendimientos asegurables, las condiciones técnicas mínimas de cultivo, el ámbito de aplicación, los periodos de garantía, las fechas de suscripción y los precios unitarios del seguro de explotaciones de cultivos herbáceos extensivos, comprendido en el trigésimo octavo Plan de Seguros Agrarios Combinados.	e Valverde 1.500 2.850 1.100 2.500 1.900 2.200 1.950 Calzadilla de Tera 1.500 2.000 1.100 1.500 1.300 1.500 1.950 Camarzana de Tera 1.500 2.000 1.100 1.500 1.300 1.500 1.950 Castrogonzalo 1.500 2.800 1.100 2.800 2.250 2.600 1.950 Colinas de Trasmonte 1.500 2.850 1.100 2.500 1.900 2.200 1.950 Coomonte 1.500 2.400 1.100 1.700 1.450 1.700 1.950 Cubo de Benavente 1.500 2.000 1.100 1.500 1.300 1.500 1.950 Fresno de la Polvorosa 1.500 2.850 1.100 2.500 1.900 2.200 1.950 Friera de V
22/08/2018	boe	BOE-A-2018-11785	VERIFICADO	frase completa en el texto	186	Orden APA/883/2018, de 2 de agosto, por la que se definen los bienes y los rendimientos asegurables, las condiciones técnicas mínimas de cultivo, el ámbito de aplicación, los periodos de garantía, las fechas de suscripción y los precios unitarios del seguro de explotaciones de cultivos herbáceos extensivos, comprendido en el trigésimo noveno Plan de Seguros Agrarios Combinados.	e Valverde 1.500 2.850 1.100 2.500 1.900 2.200 1.950 Calzadilla de Tera 1.500 2.000 1.100 1.500 1.300 1.500 1.950 Camarzana de Tera 1.500 2.000 1.100 1.500 1.300 1.500 1.950 Castrogonzalo 1.500 2.800 1.100 2.800 2.250 2.600 1.950 Colinas de Trasmonte 1.500 2.850 1.100 2.500 1.900 2.200 1.950 Coomonte 1.500 2.400 1.100 1.700 1.450 1.700 1.950 Cubo de Benavente 1.500 2.000 1.100 1.500 1.300 1.500 1.950 Fresno de la Polvorosa 1.500 2.850 1.100 2.500 1.900 2.200 1.950 Friera de V
18/10/2018	boe	BOE-A-2018-14250	DUDOSO	aparece Colinas, pero no consta que sea el nuestro	19	Orden JUS/1087/2018, de 4 de octubre, por la que se publica la relación definitiva de aprobados del proceso selectivo para ingreso, por el sistema general de acceso libre, en el Cuerpo de Tramitación Procesal y Administrativa de la Administración de Justicia, convocado por Orden JUS/1166/2017, de 24 de noviembre.	. . . 129,25 46,56 175,81 135 70876241Q PRIETO SASTRE, PABLO . . . . . . . . . . . . . . . . . . 126,00 49,56 175,56 136 40349655L SERRAT MOLINS, ALBERT . . . . . . . . . . . . . . . . . 126,50 49,04 175,54 137 44099576C SANCHEZ COLINAS, YEIKOL YORMAN . . . . . . . 130,75 44,78 175,53 138 44771158W MONTERO ESCOLANO, ANA ISABEL . . . . . . . . . 125,25 50,22 175,47 139 23055321Y HERNANDEZ MARTINEZ, GEMA . . . . . . . . . . . . 127,50 47,81 175,31 140 71217843E LO
18/12/2018	boe	BOE-A-2018-17303	DUDOSO	aparece Colinas, pero no consta que sea el nuestro	20	Orden JUS/1329/2018, de 4 de diciembre, por la que se nombran funcionarios del Cuerpo de Tramitación Procesal y Administrativa, por el sistema general de acceso libre, a los aspirantes que superaron el proceso selectivo convocado por Orden JUS/1166/2017, de 24 de noviembre.	5 175,60 487 CARRILLO MONTERO, ADOLFO MIGUEL. ANDALUCIA. 130,25 45,32 175,57 488 PRIETO SASTRE, PABLO. MINISTERIO DE JUSTICIA. 126,00 49,56 175,56 489 SERRAT MOLINS, ALBERT. MINISTERIO DE JUSTICIA. 126,50 49,04 175,54 490 SANCHEZ COLINAS, YEIKOL YORMAN. MINISTERIO DE JUSTICIA. 130,75 44,78 175,53 491 DIAZ MELERO, SERGIO. MADRID. 129,25 46,27 175,52 cve: BOE-A-2018-17303 Verificable en http://www.boe.es BOLETIN OFICIAL DEL ESTADO Num. 304 Martes 18 de diciembre de
17/08/2019	boe	BOE-A-2019-12193	VERIFICADO	frase completa en el texto	175	Orden APA/891/2019, de 2 de agosto, por la que se definen los bienes y los rendimientos asegurables, las condiciones técnicas mínimas de cultivo, el ámbito de aplicación, los periodos de garantía, las fechas de suscripción y los precios unitarios del seguro de explotaciones de cultivos herbáceos extensivos, comprendido en el cuadragésimo Plan de Seguros Agrarios Combinados.	e Valverde 1.500 2.850 1.100 2.500 1.900 2.200 1.950 Calzadilla de Tera 1.500 2.000 1.100 1.500 1.300 1.500 1.950 Camarzana de Tera 1.500 2.000 1.100 1.500 1.300 1.500 1.950 Castrogonzalo 1.500 2.800 1.100 2.800 2.250 2.600 1.950 Colinas de Trasmonte 1.500 2.850 1.100 2.500 1.900 2.200 1.950 Coomonte 1.500 2.400 1.100 1.700 1.450 1.700 1.950 Cubo de Benavente 1.500 2.000 1.100 1.500 1.300 1.500 1.950 Fresno de la Polvorosa 1.500 2.850 1.100 2.500 1.900 2.200 1.950 Friera de V
30/09/2019	boe	BOE-A-2019-13900	DUDOSO	aparece Colinas, pero no consta que sea el nuestro	501	Resolución de 17 de septiembre de 2019, de la Presidencia de la Junta Electoral Central, por la que se procede a la publicación del resumen de los resultados de las elecciones locales convocadas por Real Decreto 209/2019, de 1 de abril, y celebradas el 26 de mayo de 2019, según los datos que figuran en las actas de proclamación remitidas por cada una de las Juntas Electorales de Zona. Provincias: Toledo, Valencia, Valladolid, Zamora, Zaragoza, Ceuta y Melilla.	(PP) YONATAN FUENTE GARCIA (PSOE) RUBEN BARRIOS FERNANDEZ (PP) MAXIMO GOMEZ SANDONIS (PP) MARCELINO RODRIGUEZ RAMOS (PSOE) ANA BENIGNA PEREZ VARA (PSOE) MARIA DE LA CRUZ MENDEZ GARCIA (IPV) JOAQUIN NUNEZ UNA (IPV) VALENTIN GANDO COLINAS (PP) PEDRO PAZ CRISTOBAL (PP) MARIA DEL CARMEN GANDO MASEDA (PP) MARIA DOLORES GARCIA MARTINEZ (IPV) FRANCISCO JAVIER FRADEJAS CANTON (PSOE) 80 78 77 77 16 14 14 9 8 5 3 21 21 20 20 0 0 0 1 1 1 1 1 1 1 1 Nulos Nulos 1 1 Candidatu
21/01/2020	boe	BOE-A-2020-856	DUDOSO	aparece Colinas, pero no consta que sea el nuestro	35	Orden EFP/23/2020, de 14 de enero, por la que, a propuesta de la Consejería de Educación y Empleo de la Comunidad Autónoma de Extremadura, se nombran funcionarios de carrera de los Cuerpos de Profesores de Enseñanza Secundaria, Profesores Técnicos de Formación Profesional, Profesores de Escuelas Oficiales de Idiomas, Profesores de Música y Artes Escénicas, Profesores de Artes Plásticas y Diseño y Maestros de Taller de Artes Plásticas y Diseño, a los seleccionados en los procedimientos selectivos convocados por Resolución de 15 de marzo de 2018.	****8783 01 6,9647 ****659146 A0590 MEDINA ROMERO, JUAN ANTONIO *****6591 01 6,4616 ****564613 A0590 RAMAJO ESCALERA, JAIME *****5646 02 6,1964 ****552768 A0590 RIVERA ALONSO, MARIA DEL CARMEN *****5527 01 5,5769 ****007668 A0590 COLINAS ALVAREZ, HIGINIA *****0076 01 5,5185 ****197357 A0590 GALLARDO CABALLERO, MARIA FATIMA *****1973 01 5,5034 ****542013 A0590 DOMINGUEZ MARTIN, SANDRA *****5420 01 5,3896 ****390257 A0590 CARRASCO MOYA, VERONICA *****3902 01 4,9635
07/08/2020	boe	BOE-A-2020-9401	VERIFICADO	frase completa en el texto	250	Orden APA/779/2020, de 27 de julio, por la que se definen los bienes y los rendimientos asegurables, las condiciones técnicas mínimas de cultivo, el ámbito de aplicación, los periodos de garantía, las fechas de suscripción y los precios unitarios del seguro de explotaciones de cultivos herbáceos extensivos, comprendido en el cuadragésimo primer Plan de Seguros Agrarios Combinados.	s BOLETIN OFICIAL DEL ESTADO Num. 213 Viernes 7 de agosto de 2020 Sec. III. Pag. 66534 Comarca Termino municipal Avena Cebada Centeno Trigo blando Trigo duro. Tritordeum y Espelta Triticale Centeno hibrido Benavente y los Valles. Colinas de Trasmonte. 1.500 2.850 1.100 2.500 1.900 2.200 1.950 Coomonte. 1.500 2.400 1.100 1.700 1.450 1.700 1.950 Cubo de Benavente. 1.500 2.000 1.100 1.500 1.300 1.500 1.950 Fresno de la Polvorosa. 1.500 2.850 1.100 2.500 1.900 2.200 1.950 Friera
28/08/2021	boe	BOE-A-2021-14267	VERIFICADO	frase completa en el texto	280	Orden APA/908/2021, de 22 de agosto, por la que se definen los bienes y los rendimientos asegurables, las condiciones técnicas mínimas de cultivo, el ámbito de aplicación, los periodos de garantía, las fechas de suscripción y los precios unitarios del seguro de explotaciones de cultivos herbáceos extensivos, comprendido en el correspondiente Plan de Seguros Agrarios Combinados.	lverde. 1.500 2.850 1.100 2.500 1.900 2.200 1.950 Calzadilla de Tera. 1.500 2.000 1.100 1.500 1.300 1.500 1.950 Camarzana de Tera. 1.500 2.000 1.100 1.500 1.300 1.500 1.950 Castrogonzalo. 1.500 2.800 1.100 2.800 2.250 2.600 1.950 Colinas de Trasmonte. 1.500 2.850 1.100 2.500 1.900 2.200 1.950 Coomonte. 1.500 2.400 1.100 1.700 1.450 1.700 1.950 Cubo de Benavente. 1.500 2.000 1.100 1.500 1.300 1.500 1.950 Fresno de la Polvorosa. 1.500 2.850 1.100 2.500 1.900 2.200 1.950 Friera
18/07/2022	boe	BOE-A-2022-11921	DUDOSO	aparece Colinas, pero no consta que sea el nuestro	288	Resolución de 13 de julio de 2022, del Departamento de Gestión Tributaria de la Agencia Estatal de Administración Tributaria, por la que se publica la revocación de números de identificación fiscal.	O MERCANTIL DE LA CORUNA. F16033201 CENTRO MUEBLE HIPERHOGAR S COOP LTDA. 04/02/2022 REGISTRO MERCANTIL DE CUENCA. F32033250 REQUEIXINO SAT N 587 XUGA. 19/01/2022 REGISTRO MERCANTIL DE ORENSE. F35033273 SDAD COOP DE VIVIENDAS LAS COLINAS. 31/01/2022 REGISTRO MERCANTIL DE LAS PALMAS. F27033356 ATS DE LUGO S COOP LTDA. 18/01/2022 REGISTRO MERCANTIL DE LUGO. F99033318 RUTA DE LA AMERICAS SDAD COOP. 03/02/2022 REGISTRO MERCANTIL DE ZARAGOZA. B83033423 ROSALES XXI CEN
20/07/2022	boe	BOE-A-2022-12047	DUDOSO	aparece Colinas, pero no consta que sea el nuestro	291	Resolución de 15 de julio de 2022, del Departamento de Gestión Tributaria de la Agencia Estatal de Administración Tributaria, por la que se publica la revocación de números de identificación fiscal.	ONES TECNICAS COMERCIALES SA INTECOSA. 18/05/2022 REGISTRO MERCANTIL DE MADRID. B80568942 GM TRADE SL. 13/01/2022 REGISTRO MERCANTIL DE MADRID. A81568990 COMPANIA NAVIERA SA. 20/05/2022 REGISTRO MERCANTIL DE MADRID. F73569162 LAS COLINAS DE MURCIA, S. COOP. 26/01/2022 REGISTRO MERCANTIL DE MURCIA. B82569237 SUMYTRES SL. 05/05/2022 REGISTRO MERCANTIL DE MADRID. B61569331 LOLLYFUN, SL. 24/01/2022 REGISTRO MERCANTIL DE BARCELONA. BOLETIN OFICIAL DEL ESTADO Num. 173
17/10/2025	boe	BOE-B-2025-37480	DUDOSO	aparece Colinas, pero no consta que sea el nuestro	40	Resolución de la Delegación de Economía y Hacienda en Asturias, por la que se convoca subasta pública al alza de inmuebles propiedad de la Administración General del Estado.	licitacion del lote no 25 es de 807,01 euros. El importe de la garantia sera del 5 % del tipo, que alcanza la cantidad de 40 euros. LOTE No 26: EXPEDIENTE CIBI 202503300095. Formado por 4 fincas de la concentracion parcelaria de Colinas- La Mortera - Santiago (Tineo): Finca 1: BOLETIN OFICIAL DEL ESTADO Num. 250 Viernes 17 de octubre de 2025 Sec. V-B. Pag. 59697 cve: BOE-B-2025-37480 Verificable en https://www.boe.es Finca rustica destinada a monte bajo, numerad ||| L DEL ESTADO Num. 250 Viernes 17 de octubre de 2025 Sec. V-B. Pag. 59697 cve: BOE-B-2025-37480 Verificable en https://www.boe.es Finca rustica destinada a monte bajo, numerada como finca de reemplazo 27 del poligono 2 de la CP de Colinas – La Mortera - Santiago. - La finca tiene una superficie catastral de 2.992 metros cuadrados y una superficie en el acta de reorganizacion de la propiedad de la concentracion parcelaria de 2.980 metros cuadrados. - Linda: al nort ||| rivan del planeamiento urbanistico, a verificar por los interesados en el Ayuntamiento. - Valor catastral 2025: 30,19 €. Finca 2: Finca rustica destinada a monte bajo,numerada como finca de reemplazo 73 del poligono 4 de la CP de Colinas – La Mortera - Santiago. - La finca tiene una superficie catastral de 665 metros cuadrados y una superficie en el acta de reorganizacion de la propiedad de la concentracion parcelaria de 640 metros cuadrados. - Linda: al norte, a
